--------------------------------------------------------
--  File created - Monday-September-07-2020   
--------------------------------------------------------
--------------------------------------------------------
--  DDL for Sequence DEMO_CUST_SEQ
--------------------------------------------------------

   CREATE SEQUENCE  "CALISMAALANI"."DEMO_CUST_SEQ"  MINVALUE 1 MAXVALUE 9999999999999999999999999999 INCREMENT BY 1 START WITH 21 CACHE 20 NOORDER  NOCYCLE ;
--------------------------------------------------------
--  DDL for Sequence DEMO_ORDER_ITEMS_SEQ
--------------------------------------------------------

   CREATE SEQUENCE  "CALISMAALANI"."DEMO_ORDER_ITEMS_SEQ"  MINVALUE 1 MAXVALUE 9999999999999999999999999999 INCREMENT BY 1 START WITH 61 CACHE 20 NOORDER  NOCYCLE ;
--------------------------------------------------------
--  DDL for Sequence DEMO_ORD_SEQ
--------------------------------------------------------

   CREATE SEQUENCE  "CALISMAALANI"."DEMO_ORD_SEQ"  MINVALUE 1 MAXVALUE 9999999999999999999999999999 INCREMENT BY 1 START WITH 11 CACHE 20 NOORDER  NOCYCLE ;
--------------------------------------------------------
--  DDL for Sequence DEMO_PROD_SEQ
--------------------------------------------------------

   CREATE SEQUENCE  "CALISMAALANI"."DEMO_PROD_SEQ"  MINVALUE 1 MAXVALUE 9999999999999999999999999999 INCREMENT BY 1 START WITH 21 CACHE 20 NOORDER  NOCYCLE ;
--------------------------------------------------------
--  DDL for Sequence DEMO_USERS_SEQ
--------------------------------------------------------

   CREATE SEQUENCE  "CALISMAALANI"."DEMO_USERS_SEQ"  MINVALUE 1 MAXVALUE 9999999999999999999999999999 INCREMENT BY 1 START WITH 21 CACHE 20 NOORDER  NOCYCLE ;
--------------------------------------------------------
--  DDL for Sequence HIBERNATE_SEQUENCE
--------------------------------------------------------

   CREATE SEQUENCE  "CALISMAALANI"."HIBERNATE_SEQUENCE"  MINVALUE 1 MAXVALUE 9999999999999999999999999999 INCREMENT BY 1 START WITH 121 CACHE 20 NOORDER  NOCYCLE ;
--------------------------------------------------------
--  DDL for Table ADVERTISEMENTS
--------------------------------------------------------

  CREATE TABLE "CALISMAALANI"."ADVERTISEMENTS" 
   (	"AD_ID" NUMBER(19,0), 
	"ABC" NUMBER(10,0), 
	"AC" NUMBER(10,0), 
	"ACTIVE" NUMBER(10,0), 
	"AD_DATE" TIMESTAMP (6), 
	"AIRBAG" NUMBER(10,0), 
	"BLUETOOTH" NUMBER(10,0), 
	"BRAND" VARCHAR2(255 CHAR), 
	"CAMERA" NUMBER(10,0), 
	"CD" NUMBER(10,0), 
	"CHANGING" NUMBER(10,0), 
	"CITY" VARCHAR2(255 CHAR), 
	"COLOR" NUMBER(10,0), 
	"CON" VARCHAR2(255 CHAR), 
	"CRUISE" NUMBER(10,0), 
	"DESCRIPTION" LONG, 
	"ENTERTAINMENT" NUMBER(10,0), 
	"FUEL" VARCHAR2(255 CHAR), 
	"GEAR" VARCHAR2(255 CHAR), 
	"HILL" NUMBER(10,0), 
	"IMG1" VARCHAR2(255 CHAR), 
	"IMG2" VARCHAR2(255 CHAR), 
	"IMG3" VARCHAR2(255 CHAR), 
	"IMG4" VARCHAR2(255 CHAR), 
	"IMG5" VARCHAR2(255 CHAR), 
	"IMMOBILIZER" NUMBER(10,0), 
	"KM" NUMBER(10,0), 
	"LANE" NUMBER(10,0), 
	"MODEL" VARCHAR2(255 CHAR), 
	"NAVIGATION" NUMBER(10,0), 
	"PP" VARCHAR2(255 CHAR), 
	"PRICE" NUMBER(19,0), 
	"TV" NUMBER(10,0), 
	"TYPE" VARCHAR2(255 CHAR), 
	"USER_ID" NUMBER(19,0), 
	"VEHICLE" VARCHAR2(255 CHAR), 
	"YEAR" NUMBER(10,0)
   ) SEGMENT CREATION IMMEDIATE 
  PCTFREE 10 PCTUSED 40 INITRANS 1 MAXTRANS 255 NOCOMPRESS LOGGING
  STORAGE(INITIAL 65536 NEXT 1048576 MINEXTENTS 1 MAXEXTENTS 2147483645
  PCTINCREASE 0 FREELISTS 1 FREELIST GROUPS 1 BUFFER_POOL DEFAULT FLASH_CACHE DEFAULT CELL_FLASH_CACHE DEFAULT)
  TABLESPACE "USERS" ;
--------------------------------------------------------
--  DDL for Table APEX$_ACL
--------------------------------------------------------

  CREATE TABLE "CALISMAALANI"."APEX$_ACL" 
   (	"ID" NUMBER, 
	"WS_APP_ID" NUMBER, 
	"USERNAME" VARCHAR2(255 BYTE), 
	"PRIV" VARCHAR2(1 BYTE), 
	"CREATED_ON" DATE, 
	"CREATED_BY" VARCHAR2(255 BYTE), 
	"UPDATED_ON" DATE, 
	"UPDATED_BY" VARCHAR2(255 BYTE)
   ) SEGMENT CREATION IMMEDIATE 
  PCTFREE 10 PCTUSED 40 INITRANS 1 MAXTRANS 255 NOCOMPRESS LOGGING
  STORAGE(INITIAL 65536 NEXT 1048576 MINEXTENTS 1 MAXEXTENTS 2147483645
  PCTINCREASE 0 FREELISTS 1 FREELIST GROUPS 1 BUFFER_POOL DEFAULT FLASH_CACHE DEFAULT CELL_FLASH_CACHE DEFAULT)
  TABLESPACE "USERS" ;
--------------------------------------------------------
--  DDL for Table APEX$_WS_FILES
--------------------------------------------------------

  CREATE TABLE "CALISMAALANI"."APEX$_WS_FILES" 
   (	"ID" NUMBER, 
	"WS_APP_ID" NUMBER, 
	"DATA_GRID_ID" NUMBER, 
	"ROW_ID" NUMBER, 
	"WEBPAGE_ID" NUMBER, 
	"COMPONENT_LEVEL" VARCHAR2(30 BYTE), 
	"NAME" VARCHAR2(255 BYTE), 
	"IMAGE_ALIAS" VARCHAR2(255 BYTE), 
	"IMAGE_ATTRIBUTES" VARCHAR2(255 BYTE), 
	"CONTENT" BLOB, 
	"CONTENT_LAST_UPDATE" DATE, 
	"MIME_TYPE" VARCHAR2(255 BYTE), 
	"CONTENT_CHARSET" VARCHAR2(255 BYTE), 
	"CONTENT_FILENAME" VARCHAR2(500 BYTE), 
	"DESCRIPTION" VARCHAR2(4000 BYTE), 
	"CREATED_ON" DATE, 
	"CREATED_BY" VARCHAR2(255 BYTE), 
	"UPDATED_ON" DATE, 
	"UPDATED_BY" VARCHAR2(255 BYTE)
   ) SEGMENT CREATION IMMEDIATE 
  PCTFREE 10 PCTUSED 40 INITRANS 1 MAXTRANS 255 NOCOMPRESS LOGGING
  STORAGE(INITIAL 65536 NEXT 1048576 MINEXTENTS 1 MAXEXTENTS 2147483645
  PCTINCREASE 0 FREELISTS 1 FREELIST GROUPS 1 BUFFER_POOL DEFAULT FLASH_CACHE DEFAULT CELL_FLASH_CACHE DEFAULT)
  TABLESPACE "USERS" 
 LOB ("CONTENT") STORE AS BASICFILE (
  TABLESPACE "USERS" ENABLE STORAGE IN ROW CHUNK 8192 RETENTION 
  NOCACHE LOGGING 
  STORAGE(INITIAL 65536 NEXT 1048576 MINEXTENTS 1 MAXEXTENTS 2147483645
  PCTINCREASE 0 FREELISTS 1 FREELIST GROUPS 1 BUFFER_POOL DEFAULT FLASH_CACHE DEFAULT CELL_FLASH_CACHE DEFAULT)) ;
--------------------------------------------------------
--  DDL for Table APEX$_WS_HISTORY
--------------------------------------------------------

  CREATE TABLE "CALISMAALANI"."APEX$_WS_HISTORY" 
   (	"ROW_ID" NUMBER, 
	"WS_APP_ID" NUMBER, 
	"DATA_GRID_ID" NUMBER, 
	"COLUMN_NAME" VARCHAR2(255 BYTE), 
	"OLD_VALUE" VARCHAR2(4000 BYTE), 
	"NEW_VALUE" VARCHAR2(4000 BYTE), 
	"APPLICATION_USER_ID" VARCHAR2(255 BYTE), 
	"CHANGE_DATE" DATE
   ) SEGMENT CREATION IMMEDIATE 
  PCTFREE 10 PCTUSED 40 INITRANS 1 MAXTRANS 255 NOCOMPRESS LOGGING
  STORAGE(INITIAL 65536 NEXT 1048576 MINEXTENTS 1 MAXEXTENTS 2147483645
  PCTINCREASE 0 FREELISTS 1 FREELIST GROUPS 1 BUFFER_POOL DEFAULT FLASH_CACHE DEFAULT CELL_FLASH_CACHE DEFAULT)
  TABLESPACE "USERS" ;
--------------------------------------------------------
--  DDL for Table APEX$_WS_LINKS
--------------------------------------------------------

  CREATE TABLE "CALISMAALANI"."APEX$_WS_LINKS" 
   (	"ID" NUMBER, 
	"WS_APP_ID" NUMBER, 
	"DATA_GRID_ID" NUMBER, 
	"ROW_ID" NUMBER, 
	"WEBPAGE_ID" NUMBER, 
	"COMPONENT_LEVEL" VARCHAR2(30 BYTE), 
	"TAGS" VARCHAR2(4000 BYTE), 
	"SHOW_ON_HOMEPAGE" VARCHAR2(1 BYTE), 
	"LINK_NAME" VARCHAR2(255 BYTE), 
	"URL" VARCHAR2(4000 BYTE), 
	"LINK_DESCRIPTION" VARCHAR2(4000 BYTE), 
	"DISPLAY_SEQUENCE" NUMBER, 
	"CREATED_ON" DATE, 
	"CREATED_BY" VARCHAR2(255 BYTE), 
	"UPDATED_ON" DATE, 
	"UPDATED_BY" VARCHAR2(255 BYTE)
   ) SEGMENT CREATION IMMEDIATE 
  PCTFREE 10 PCTUSED 40 INITRANS 1 MAXTRANS 255 NOCOMPRESS LOGGING
  STORAGE(INITIAL 65536 NEXT 1048576 MINEXTENTS 1 MAXEXTENTS 2147483645
  PCTINCREASE 0 FREELISTS 1 FREELIST GROUPS 1 BUFFER_POOL DEFAULT FLASH_CACHE DEFAULT CELL_FLASH_CACHE DEFAULT)
  TABLESPACE "USERS" ;
--------------------------------------------------------
--  DDL for Table APEX$_WS_NOTES
--------------------------------------------------------

  CREATE TABLE "CALISMAALANI"."APEX$_WS_NOTES" 
   (	"ID" NUMBER, 
	"WS_APP_ID" NUMBER, 
	"DATA_GRID_ID" NUMBER, 
	"ROW_ID" NUMBER, 
	"WEBPAGE_ID" NUMBER, 
	"COMPONENT_LEVEL" VARCHAR2(30 BYTE), 
	"CONTENT" CLOB, 
	"CREATED_ON" DATE, 
	"CREATED_BY" VARCHAR2(255 BYTE), 
	"UPDATED_ON" DATE, 
	"UPDATED_BY" VARCHAR2(255 BYTE)
   ) SEGMENT CREATION IMMEDIATE 
  PCTFREE 10 PCTUSED 40 INITRANS 1 MAXTRANS 255 NOCOMPRESS LOGGING
  STORAGE(INITIAL 65536 NEXT 1048576 MINEXTENTS 1 MAXEXTENTS 2147483645
  PCTINCREASE 0 FREELISTS 1 FREELIST GROUPS 1 BUFFER_POOL DEFAULT FLASH_CACHE DEFAULT CELL_FLASH_CACHE DEFAULT)
  TABLESPACE "USERS" 
 LOB ("CONTENT") STORE AS BASICFILE (
  TABLESPACE "USERS" ENABLE STORAGE IN ROW CHUNK 8192 RETENTION 
  NOCACHE LOGGING 
  STORAGE(INITIAL 65536 NEXT 1048576 MINEXTENTS 1 MAXEXTENTS 2147483645
  PCTINCREASE 0 FREELISTS 1 FREELIST GROUPS 1 BUFFER_POOL DEFAULT FLASH_CACHE DEFAULT CELL_FLASH_CACHE DEFAULT)) ;
--------------------------------------------------------
--  DDL for Table APEX$_WS_ROWS
--------------------------------------------------------

  CREATE TABLE "CALISMAALANI"."APEX$_WS_ROWS" 
   (	"ID" NUMBER, 
	"WS_APP_ID" NUMBER, 
	"DATA_GRID_ID" NUMBER, 
	"UNIQUE_VALUE" VARCHAR2(255 BYTE), 
	"TAGS" VARCHAR2(4000 BYTE), 
	"PARENT_ROW_ID" NUMBER, 
	"OWNER" VARCHAR2(255 BYTE), 
	"GEOCODE" VARCHAR2(512 BYTE), 
	"LOAD_ORDER" NUMBER, 
	"CHANGE_COUNT" NUMBER, 
	"CREATED_ON" DATE, 
	"CREATED_BY" VARCHAR2(255 BYTE), 
	"UPDATED_ON" DATE, 
	"UPDATED_BY" VARCHAR2(255 BYTE), 
	"C001" VARCHAR2(4000 BYTE), 
	"C002" VARCHAR2(4000 BYTE), 
	"C003" VARCHAR2(4000 BYTE), 
	"C004" VARCHAR2(4000 BYTE), 
	"C005" VARCHAR2(4000 BYTE), 
	"C006" VARCHAR2(4000 BYTE), 
	"C007" VARCHAR2(4000 BYTE), 
	"C008" VARCHAR2(4000 BYTE), 
	"C009" VARCHAR2(4000 BYTE), 
	"C010" VARCHAR2(4000 BYTE), 
	"C011" VARCHAR2(4000 BYTE), 
	"C012" VARCHAR2(4000 BYTE), 
	"C013" VARCHAR2(4000 BYTE), 
	"C014" VARCHAR2(4000 BYTE), 
	"C015" VARCHAR2(4000 BYTE), 
	"C016" VARCHAR2(4000 BYTE), 
	"C017" VARCHAR2(4000 BYTE), 
	"C018" VARCHAR2(4000 BYTE), 
	"C019" VARCHAR2(4000 BYTE), 
	"C020" VARCHAR2(4000 BYTE), 
	"C021" VARCHAR2(4000 BYTE), 
	"C022" VARCHAR2(4000 BYTE), 
	"C023" VARCHAR2(4000 BYTE), 
	"C024" VARCHAR2(4000 BYTE), 
	"C025" VARCHAR2(4000 BYTE), 
	"C026" VARCHAR2(4000 BYTE), 
	"C027" VARCHAR2(4000 BYTE), 
	"C028" VARCHAR2(4000 BYTE), 
	"C029" VARCHAR2(4000 BYTE), 
	"C030" VARCHAR2(4000 BYTE), 
	"C031" VARCHAR2(4000 BYTE), 
	"C032" VARCHAR2(4000 BYTE), 
	"C033" VARCHAR2(4000 BYTE), 
	"C034" VARCHAR2(4000 BYTE), 
	"C035" VARCHAR2(4000 BYTE), 
	"C036" VARCHAR2(4000 BYTE), 
	"C037" VARCHAR2(4000 BYTE), 
	"C038" VARCHAR2(4000 BYTE), 
	"C039" VARCHAR2(4000 BYTE), 
	"C040" VARCHAR2(4000 BYTE), 
	"C041" VARCHAR2(4000 BYTE), 
	"C042" VARCHAR2(4000 BYTE), 
	"C043" VARCHAR2(4000 BYTE), 
	"C044" VARCHAR2(4000 BYTE), 
	"C045" VARCHAR2(4000 BYTE), 
	"C046" VARCHAR2(4000 BYTE), 
	"C047" VARCHAR2(4000 BYTE), 
	"C048" VARCHAR2(4000 BYTE), 
	"C049" VARCHAR2(4000 BYTE), 
	"C050" VARCHAR2(4000 BYTE), 
	"N001" NUMBER, 
	"N002" NUMBER, 
	"N003" NUMBER, 
	"N004" NUMBER, 
	"N005" NUMBER, 
	"N006" NUMBER, 
	"N007" NUMBER, 
	"N008" NUMBER, 
	"N009" NUMBER, 
	"N010" NUMBER, 
	"N011" NUMBER, 
	"N012" NUMBER, 
	"N013" NUMBER, 
	"N014" NUMBER, 
	"N015" NUMBER, 
	"N016" NUMBER, 
	"N017" NUMBER, 
	"N018" NUMBER, 
	"N019" NUMBER, 
	"N020" NUMBER, 
	"N021" NUMBER, 
	"N022" NUMBER, 
	"N023" NUMBER, 
	"N024" NUMBER, 
	"N025" NUMBER, 
	"N026" NUMBER, 
	"N027" NUMBER, 
	"N028" NUMBER, 
	"N029" NUMBER, 
	"N030" NUMBER, 
	"N031" NUMBER, 
	"N032" NUMBER, 
	"N033" NUMBER, 
	"N034" NUMBER, 
	"N035" NUMBER, 
	"N036" NUMBER, 
	"N037" NUMBER, 
	"N038" NUMBER, 
	"N039" NUMBER, 
	"N040" NUMBER, 
	"N041" NUMBER, 
	"N042" NUMBER, 
	"N043" NUMBER, 
	"N044" NUMBER, 
	"N045" NUMBER, 
	"N046" NUMBER, 
	"N047" NUMBER, 
	"N048" NUMBER, 
	"N049" NUMBER, 
	"N050" NUMBER, 
	"D001" DATE, 
	"D002" DATE, 
	"D003" DATE, 
	"D004" DATE, 
	"D005" DATE, 
	"D006" DATE, 
	"D007" DATE, 
	"D008" DATE, 
	"D009" DATE, 
	"D010" DATE, 
	"D011" DATE, 
	"D012" DATE, 
	"D013" DATE, 
	"D014" DATE, 
	"D015" DATE, 
	"D016" DATE, 
	"D017" DATE, 
	"D018" DATE, 
	"D019" DATE, 
	"D020" DATE, 
	"D021" DATE, 
	"D022" DATE, 
	"D023" DATE, 
	"D024" DATE, 
	"D025" DATE, 
	"D026" DATE, 
	"D027" DATE, 
	"D028" DATE, 
	"D029" DATE, 
	"D030" DATE, 
	"D031" DATE, 
	"D032" DATE, 
	"D033" DATE, 
	"D034" DATE, 
	"D035" DATE, 
	"D036" DATE, 
	"D037" DATE, 
	"D038" DATE, 
	"D039" DATE, 
	"D040" DATE, 
	"D041" DATE, 
	"D042" DATE, 
	"D043" DATE, 
	"D044" DATE, 
	"D045" DATE, 
	"D046" DATE, 
	"D047" DATE, 
	"D048" DATE, 
	"D049" DATE, 
	"D050" DATE, 
	"CLOB001" CLOB, 
	"SEARCH_CLOB" CLOB
   ) SEGMENT CREATION IMMEDIATE 
  PCTFREE 10 PCTUSED 40 INITRANS 1 MAXTRANS 255 NOCOMPRESS LOGGING
  STORAGE(INITIAL 65536 NEXT 1048576 MINEXTENTS 1 MAXEXTENTS 2147483645
  PCTINCREASE 0 FREELISTS 1 FREELIST GROUPS 1 BUFFER_POOL DEFAULT FLASH_CACHE DEFAULT CELL_FLASH_CACHE DEFAULT)
  TABLESPACE "USERS" 
 LOB ("CLOB001") STORE AS BASICFILE (
  TABLESPACE "USERS" ENABLE STORAGE IN ROW CHUNK 8192 RETENTION 
  NOCACHE LOGGING 
  STORAGE(INITIAL 65536 NEXT 1048576 MINEXTENTS 1 MAXEXTENTS 2147483645
  PCTINCREASE 0 FREELISTS 1 FREELIST GROUPS 1 BUFFER_POOL DEFAULT FLASH_CACHE DEFAULT CELL_FLASH_CACHE DEFAULT)) 
 LOB ("SEARCH_CLOB") STORE AS BASICFILE (
  TABLESPACE "USERS" ENABLE STORAGE IN ROW CHUNK 8192 RETENTION 
  NOCACHE LOGGING 
  STORAGE(INITIAL 65536 NEXT 1048576 MINEXTENTS 1 MAXEXTENTS 2147483645
  PCTINCREASE 0 FREELISTS 1 FREELIST GROUPS 1 BUFFER_POOL DEFAULT FLASH_CACHE DEFAULT CELL_FLASH_CACHE DEFAULT)) ;
--------------------------------------------------------
--  DDL for Table APEX$_WS_TAGS
--------------------------------------------------------

  CREATE TABLE "CALISMAALANI"."APEX$_WS_TAGS" 
   (	"ID" NUMBER, 
	"WS_APP_ID" NUMBER, 
	"DATA_GRID_ID" NUMBER, 
	"ROW_ID" NUMBER, 
	"WEBPAGE_ID" NUMBER, 
	"COMPONENT_LEVEL" VARCHAR2(30 BYTE), 
	"TAG" VARCHAR2(4000 BYTE), 
	"CREATED_ON" DATE, 
	"CREATED_BY" VARCHAR2(255 BYTE), 
	"UPDATED_ON" DATE, 
	"UPDATED_BY" VARCHAR2(255 BYTE)
   ) SEGMENT CREATION IMMEDIATE 
  PCTFREE 10 PCTUSED 40 INITRANS 1 MAXTRANS 255 NOCOMPRESS LOGGING
  STORAGE(INITIAL 65536 NEXT 1048576 MINEXTENTS 1 MAXEXTENTS 2147483645
  PCTINCREASE 0 FREELISTS 1 FREELIST GROUPS 1 BUFFER_POOL DEFAULT FLASH_CACHE DEFAULT CELL_FLASH_CACHE DEFAULT)
  TABLESPACE "USERS" ;
--------------------------------------------------------
--  DDL for Table APEX$_WS_WEBPG_SECTIONS
--------------------------------------------------------

  CREATE TABLE "CALISMAALANI"."APEX$_WS_WEBPG_SECTIONS" 
   (	"ID" NUMBER, 
	"WS_APP_ID" NUMBER, 
	"WEBPAGE_ID" NUMBER, 
	"DISPLAY_SEQUENCE" NUMBER, 
	"SECTION_TYPE" VARCHAR2(30 BYTE), 
	"TITLE" VARCHAR2(4000 BYTE), 
	"CONTENT" CLOB, 
	"CONTENT_UPPER" CLOB, 
	"NAV_START_WEBPAGE_ID" NUMBER, 
	"NAV_MAX_LEVEL" NUMBER, 
	"NAV_INCLUDE_LINK" VARCHAR2(1 BYTE), 
	"DATA_GRID_ID" NUMBER, 
	"REPORT_ID" NUMBER, 
	"DATA_SECTION_STYLE" NUMBER, 
	"CHART_TYPE" VARCHAR2(255 BYTE), 
	"CHART_3D" VARCHAR2(1 BYTE), 
	"CHART_LABEL" VARCHAR2(255 BYTE), 
	"LABEL_AXIS_TITLE" VARCHAR2(255 BYTE), 
	"CHART_VALUE" VARCHAR2(255 BYTE), 
	"VALUE_AXIS_TITLE" VARCHAR2(255 BYTE), 
	"CHART_AGGREGATE" VARCHAR2(255 BYTE), 
	"CHART_SORTING" VARCHAR2(255 BYTE), 
	"CREATED_ON" DATE, 
	"CREATED_BY" VARCHAR2(255 BYTE), 
	"UPDATED_ON" DATE, 
	"UPDATED_BY" VARCHAR2(255 BYTE)
   ) SEGMENT CREATION IMMEDIATE 
  PCTFREE 10 PCTUSED 40 INITRANS 1 MAXTRANS 255 NOCOMPRESS LOGGING
  STORAGE(INITIAL 65536 NEXT 1048576 MINEXTENTS 1 MAXEXTENTS 2147483645
  PCTINCREASE 0 FREELISTS 1 FREELIST GROUPS 1 BUFFER_POOL DEFAULT FLASH_CACHE DEFAULT CELL_FLASH_CACHE DEFAULT)
  TABLESPACE "USERS" 
 LOB ("CONTENT") STORE AS BASICFILE (
  TABLESPACE "USERS" ENABLE STORAGE IN ROW CHUNK 8192 RETENTION 
  NOCACHE LOGGING 
  STORAGE(INITIAL 65536 NEXT 1048576 MINEXTENTS 1 MAXEXTENTS 2147483645
  PCTINCREASE 0 FREELISTS 1 FREELIST GROUPS 1 BUFFER_POOL DEFAULT FLASH_CACHE DEFAULT CELL_FLASH_CACHE DEFAULT)) 
 LOB ("CONTENT_UPPER") STORE AS BASICFILE (
  TABLESPACE "USERS" ENABLE STORAGE IN ROW CHUNK 8192 RETENTION 
  NOCACHE LOGGING 
  STORAGE(INITIAL 65536 NEXT 1048576 MINEXTENTS 1 MAXEXTENTS 2147483645
  PCTINCREASE 0 FREELISTS 1 FREELIST GROUPS 1 BUFFER_POOL DEFAULT FLASH_CACHE DEFAULT CELL_FLASH_CACHE DEFAULT)) ;
--------------------------------------------------------
--  DDL for Table APEX$_WS_WEBPG_SECTION_HISTORY
--------------------------------------------------------

  CREATE TABLE "CALISMAALANI"."APEX$_WS_WEBPG_SECTION_HISTORY" 
   (	"SECTION_ID" NUMBER, 
	"WS_APP_ID" NUMBER, 
	"WEBPAGE_ID" NUMBER, 
	"OLD_DISPLAY_SEQUENCE" NUMBER, 
	"NEW_DISPLAY_SEQUENCE" NUMBER, 
	"OLD_TITLE" VARCHAR2(4000 BYTE), 
	"NEW_TITLE" VARCHAR2(4000 BYTE), 
	"OLD_CONTENT" CLOB, 
	"NEW_CONTENT" CLOB, 
	"APPLICATION_USER_ID" VARCHAR2(255 BYTE), 
	"CHANGE_DATE" DATE
   ) SEGMENT CREATION IMMEDIATE 
  PCTFREE 10 PCTUSED 40 INITRANS 1 MAXTRANS 255 NOCOMPRESS LOGGING
  STORAGE(INITIAL 65536 NEXT 1048576 MINEXTENTS 1 MAXEXTENTS 2147483645
  PCTINCREASE 0 FREELISTS 1 FREELIST GROUPS 1 BUFFER_POOL DEFAULT FLASH_CACHE DEFAULT CELL_FLASH_CACHE DEFAULT)
  TABLESPACE "USERS" 
 LOB ("OLD_CONTENT") STORE AS BASICFILE (
  TABLESPACE "USERS" ENABLE STORAGE IN ROW CHUNK 8192 RETENTION 
  NOCACHE LOGGING 
  STORAGE(INITIAL 65536 NEXT 1048576 MINEXTENTS 1 MAXEXTENTS 2147483645
  PCTINCREASE 0 FREELISTS 1 FREELIST GROUPS 1 BUFFER_POOL DEFAULT FLASH_CACHE DEFAULT CELL_FLASH_CACHE DEFAULT)) 
 LOB ("NEW_CONTENT") STORE AS BASICFILE (
  TABLESPACE "USERS" ENABLE STORAGE IN ROW CHUNK 8192 RETENTION 
  NOCACHE LOGGING 
  STORAGE(INITIAL 65536 NEXT 1048576 MINEXTENTS 1 MAXEXTENTS 2147483645
  PCTINCREASE 0 FREELISTS 1 FREELIST GROUPS 1 BUFFER_POOL DEFAULT FLASH_CACHE DEFAULT CELL_FLASH_CACHE DEFAULT)) ;
--------------------------------------------------------
--  DDL for Table BRANDS
--------------------------------------------------------

  CREATE TABLE "CALISMAALANI"."BRANDS" 
   (	"ID" NUMBER(10,0), 
	"BRAND_ID" NUMBER(10,0), 
	"BRAND_NAME" VARCHAR2(255 CHAR), 
	"VEHICLE_ID" NUMBER(10,0)
   ) SEGMENT CREATION IMMEDIATE 
  PCTFREE 10 PCTUSED 40 INITRANS 1 MAXTRANS 255 NOCOMPRESS LOGGING
  STORAGE(INITIAL 65536 NEXT 1048576 MINEXTENTS 1 MAXEXTENTS 2147483645
  PCTINCREASE 0 FREELISTS 1 FREELIST GROUPS 1 BUFFER_POOL DEFAULT FLASH_CACHE DEFAULT CELL_FLASH_CACHE DEFAULT)
  TABLESPACE "USERS" ;
--------------------------------------------------------
--  DDL for Table CITIES
--------------------------------------------------------

  CREATE TABLE "CALISMAALANI"."CITIES" 
   (	"ID" NUMBER(10,0), 
	"CITY_NAME" VARCHAR2(255 CHAR)
   ) SEGMENT CREATION IMMEDIATE 
  PCTFREE 10 PCTUSED 40 INITRANS 1 MAXTRANS 255 NOCOMPRESS LOGGING
  STORAGE(INITIAL 65536 NEXT 1048576 MINEXTENTS 1 MAXEXTENTS 2147483645
  PCTINCREASE 0 FREELISTS 1 FREELIST GROUPS 1 BUFFER_POOL DEFAULT FLASH_CACHE DEFAULT CELL_FLASH_CACHE DEFAULT)
  TABLESPACE "USERS" ;
--------------------------------------------------------
--  DDL for Table CITY
--------------------------------------------------------

  CREATE TABLE "CALISMAALANI"."CITY" 
   (	"ID" NUMBER, 
	"NAME" VARCHAR2(20 BYTE), 
	"COUNTRYCODE" VARCHAR2(20 BYTE), 
	"DISTRICT" VARCHAR2(20 BYTE), 
	"POPULATION" VARCHAR2(20 BYTE)
   ) SEGMENT CREATION IMMEDIATE 
  PCTFREE 10 PCTUSED 40 INITRANS 1 MAXTRANS 255 NOCOMPRESS LOGGING
  STORAGE(INITIAL 65536 NEXT 1048576 MINEXTENTS 1 MAXEXTENTS 2147483645
  PCTINCREASE 0 FREELISTS 1 FREELIST GROUPS 1 BUFFER_POOL DEFAULT FLASH_CACHE DEFAULT CELL_FLASH_CACHE DEFAULT)
  TABLESPACE "USERS" ;
--------------------------------------------------------
--  DDL for Table DEMO_CUSTOMERS
--------------------------------------------------------

  CREATE TABLE "CALISMAALANI"."DEMO_CUSTOMERS" 
   (	"CUSTOMER_ID" NUMBER, 
	"CUST_FIRST_NAME" VARCHAR2(20 BYTE), 
	"CUST_LAST_NAME" VARCHAR2(20 BYTE), 
	"CUST_STREET_ADDRESS1" VARCHAR2(60 BYTE), 
	"CUST_STREET_ADDRESS2" VARCHAR2(60 BYTE), 
	"CUST_CITY" VARCHAR2(30 BYTE), 
	"CUST_STATE" VARCHAR2(2 BYTE), 
	"CUST_POSTAL_CODE" VARCHAR2(10 BYTE), 
	"PHONE_NUMBER1" VARCHAR2(25 BYTE), 
	"PHONE_NUMBER2" VARCHAR2(25 BYTE), 
	"CREDIT_LIMIT" NUMBER(9,2), 
	"CUST_EMAIL" VARCHAR2(30 BYTE)
   ) SEGMENT CREATION IMMEDIATE 
  PCTFREE 10 PCTUSED 40 INITRANS 1 MAXTRANS 255 NOCOMPRESS LOGGING
  STORAGE(INITIAL 65536 NEXT 1048576 MINEXTENTS 1 MAXEXTENTS 2147483645
  PCTINCREASE 0 FREELISTS 1 FREELIST GROUPS 1 BUFFER_POOL DEFAULT FLASH_CACHE DEFAULT CELL_FLASH_CACHE DEFAULT)
  TABLESPACE "USERS" ;
--------------------------------------------------------
--  DDL for Table DEMO_ORDERS
--------------------------------------------------------

  CREATE TABLE "CALISMAALANI"."DEMO_ORDERS" 
   (	"ORDER_ID" NUMBER, 
	"CUSTOMER_ID" NUMBER, 
	"ORDER_TOTAL" NUMBER(8,2), 
	"ORDER_TIMESTAMP" DATE, 
	"USER_ID" NUMBER
   ) SEGMENT CREATION IMMEDIATE 
  PCTFREE 10 PCTUSED 40 INITRANS 1 MAXTRANS 255 NOCOMPRESS LOGGING
  STORAGE(INITIAL 65536 NEXT 1048576 MINEXTENTS 1 MAXEXTENTS 2147483645
  PCTINCREASE 0 FREELISTS 1 FREELIST GROUPS 1 BUFFER_POOL DEFAULT FLASH_CACHE DEFAULT CELL_FLASH_CACHE DEFAULT)
  TABLESPACE "USERS" ;
--------------------------------------------------------
--  DDL for Table DEMO_ORDER_ITEMS
--------------------------------------------------------

  CREATE TABLE "CALISMAALANI"."DEMO_ORDER_ITEMS" 
   (	"ORDER_ITEM_ID" NUMBER(3,0), 
	"ORDER_ID" NUMBER, 
	"PRODUCT_ID" NUMBER, 
	"UNIT_PRICE" NUMBER(8,2), 
	"QUANTITY" NUMBER(8,0)
   ) SEGMENT CREATION IMMEDIATE 
  PCTFREE 10 PCTUSED 40 INITRANS 1 MAXTRANS 255 NOCOMPRESS LOGGING
  STORAGE(INITIAL 65536 NEXT 1048576 MINEXTENTS 1 MAXEXTENTS 2147483645
  PCTINCREASE 0 FREELISTS 1 FREELIST GROUPS 1 BUFFER_POOL DEFAULT FLASH_CACHE DEFAULT CELL_FLASH_CACHE DEFAULT)
  TABLESPACE "USERS" ;
--------------------------------------------------------
--  DDL for Table DEMO_PRODUCT_INFO
--------------------------------------------------------

  CREATE TABLE "CALISMAALANI"."DEMO_PRODUCT_INFO" 
   (	"PRODUCT_ID" NUMBER, 
	"PRODUCT_NAME" VARCHAR2(50 BYTE), 
	"PRODUCT_DESCRIPTION" VARCHAR2(2000 BYTE), 
	"CATEGORY" VARCHAR2(30 BYTE), 
	"PRODUCT_AVAIL" VARCHAR2(1 BYTE), 
	"LIST_PRICE" NUMBER(8,2), 
	"PRODUCT_IMAGE" BLOB, 
	"MIMETYPE" VARCHAR2(255 BYTE), 
	"FILENAME" VARCHAR2(400 BYTE), 
	"IMAGE_LAST_UPDATE" DATE
   ) SEGMENT CREATION IMMEDIATE 
  PCTFREE 10 PCTUSED 40 INITRANS 1 MAXTRANS 255 NOCOMPRESS LOGGING
  STORAGE(INITIAL 65536 NEXT 1048576 MINEXTENTS 1 MAXEXTENTS 2147483645
  PCTINCREASE 0 FREELISTS 1 FREELIST GROUPS 1 BUFFER_POOL DEFAULT FLASH_CACHE DEFAULT CELL_FLASH_CACHE DEFAULT)
  TABLESPACE "USERS" 
 LOB ("PRODUCT_IMAGE") STORE AS BASICFILE (
  TABLESPACE "USERS" ENABLE STORAGE IN ROW CHUNK 8192 RETENTION 
  NOCACHE LOGGING 
  STORAGE(INITIAL 65536 NEXT 1048576 MINEXTENTS 1 MAXEXTENTS 2147483645
  PCTINCREASE 0 FREELISTS 1 FREELIST GROUPS 1 BUFFER_POOL DEFAULT FLASH_CACHE DEFAULT CELL_FLASH_CACHE DEFAULT)) ;
--------------------------------------------------------
--  DDL for Table DEMO_STATES
--------------------------------------------------------

  CREATE TABLE "CALISMAALANI"."DEMO_STATES" 
   (	"ST" VARCHAR2(30 BYTE), 
	"STATE_NAME" VARCHAR2(30 BYTE)
   ) SEGMENT CREATION IMMEDIATE 
  PCTFREE 10 PCTUSED 40 INITRANS 1 MAXTRANS 255 NOCOMPRESS LOGGING
  STORAGE(INITIAL 65536 NEXT 1048576 MINEXTENTS 1 MAXEXTENTS 2147483645
  PCTINCREASE 0 FREELISTS 1 FREELIST GROUPS 1 BUFFER_POOL DEFAULT FLASH_CACHE DEFAULT CELL_FLASH_CACHE DEFAULT)
  TABLESPACE "USERS" ;
--------------------------------------------------------
--  DDL for Table DEMO_USERS
--------------------------------------------------------

  CREATE TABLE "CALISMAALANI"."DEMO_USERS" 
   (	"USER_ID" NUMBER, 
	"USER_NAME" VARCHAR2(100 BYTE), 
	"PASSWORD" VARCHAR2(4000 BYTE), 
	"CREATED_ON" DATE, 
	"QUOTA" NUMBER, 
	"PRODUCTS" CHAR(1 BYTE), 
	"EXPIRES_ON" DATE, 
	"ADMIN_USER" CHAR(1 BYTE)
   ) SEGMENT CREATION IMMEDIATE 
  PCTFREE 10 PCTUSED 40 INITRANS 1 MAXTRANS 255 NOCOMPRESS LOGGING
  STORAGE(INITIAL 65536 NEXT 1048576 MINEXTENTS 1 MAXEXTENTS 2147483645
  PCTINCREASE 0 FREELISTS 1 FREELIST GROUPS 1 BUFFER_POOL DEFAULT FLASH_CACHE DEFAULT CELL_FLASH_CACHE DEFAULT)
  TABLESPACE "USERS" ;
--------------------------------------------------------
--  DDL for Table DEPT
--------------------------------------------------------

  CREATE TABLE "CALISMAALANI"."DEPT" 
   (	"DEPTNO" NUMBER(2,0), 
	"DNAME" VARCHAR2(14 BYTE), 
	"LOC" VARCHAR2(13 BYTE)
   ) SEGMENT CREATION IMMEDIATE 
  PCTFREE 10 PCTUSED 40 INITRANS 1 MAXTRANS 255 NOCOMPRESS LOGGING
  STORAGE(INITIAL 65536 NEXT 1048576 MINEXTENTS 1 MAXEXTENTS 2147483645
  PCTINCREASE 0 FREELISTS 1 FREELIST GROUPS 1 BUFFER_POOL DEFAULT FLASH_CACHE DEFAULT CELL_FLASH_CACHE DEFAULT)
  TABLESPACE "USERS" ;
--------------------------------------------------------
--  DDL for Table EMP
--------------------------------------------------------

  CREATE TABLE "CALISMAALANI"."EMP" 
   (	"EMPNO" NUMBER(4,0), 
	"ENAME" VARCHAR2(10 BYTE), 
	"JOB" VARCHAR2(9 BYTE), 
	"MGR" NUMBER(4,0), 
	"HIREDATE" DATE, 
	"SAL" NUMBER(7,2), 
	"COMM" NUMBER(7,2), 
	"DEPTNO" NUMBER(2,0)
   ) SEGMENT CREATION IMMEDIATE 
  PCTFREE 10 PCTUSED 40 INITRANS 1 MAXTRANS 255 NOCOMPRESS LOGGING
  STORAGE(INITIAL 65536 NEXT 1048576 MINEXTENTS 1 MAXEXTENTS 2147483645
  PCTINCREASE 0 FREELISTS 1 FREELIST GROUPS 1 BUFFER_POOL DEFAULT FLASH_CACHE DEFAULT CELL_FLASH_CACHE DEFAULT)
  TABLESPACE "USERS" ;
--------------------------------------------------------
--  DDL for Table MODELS
--------------------------------------------------------

  CREATE TABLE "CALISMAALANI"."MODELS" 
   (	"ID" NUMBER(10,0), 
	"BRAND_ID" NUMBER(10,0), 
	"MODEL_ID" NUMBER(10,0), 
	"MODEL_NAME" VARCHAR2(255 CHAR), 
	"VEHICLE_ID" NUMBER(10,0)
   ) SEGMENT CREATION IMMEDIATE 
  PCTFREE 10 PCTUSED 40 INITRANS 1 MAXTRANS 255 NOCOMPRESS LOGGING
  STORAGE(INITIAL 65536 NEXT 1048576 MINEXTENTS 1 MAXEXTENTS 2147483645
  PCTINCREASE 0 FREELISTS 1 FREELIST GROUPS 1 BUFFER_POOL DEFAULT FLASH_CACHE DEFAULT CELL_FLASH_CACHE DEFAULT)
  TABLESPACE "USERS" ;
--------------------------------------------------------
--  DDL for Table TYPES
--------------------------------------------------------

  CREATE TABLE "CALISMAALANI"."TYPES" 
   (	"ID" NUMBER(10,0), 
	"TYPE_ID" NUMBER(10,0), 
	"TYPE_NAME" VARCHAR2(255 CHAR), 
	"VEHICLE_ID" NUMBER(10,0)
   ) SEGMENT CREATION IMMEDIATE 
  PCTFREE 10 PCTUSED 40 INITRANS 1 MAXTRANS 255 NOCOMPRESS LOGGING
  STORAGE(INITIAL 65536 NEXT 1048576 MINEXTENTS 1 MAXEXTENTS 2147483645
  PCTINCREASE 0 FREELISTS 1 FREELIST GROUPS 1 BUFFER_POOL DEFAULT FLASH_CACHE DEFAULT CELL_FLASH_CACHE DEFAULT)
  TABLESPACE "USERS" ;
--------------------------------------------------------
--  DDL for Table USERS
--------------------------------------------------------

  CREATE TABLE "CALISMAALANI"."USERS" 
   (	"ID" NUMBER(19,0), 
	"ACTIVE" NUMBER(1,0), 
	"CREATE_DATE" TIMESTAMP (6), 
	"EMAIL" VARCHAR2(255 CHAR), 
	"KEYREG" VARCHAR2(255 CHAR), 
	"NAME" VARCHAR2(255 CHAR), 
	"PASSWORD" VARCHAR2(255 CHAR), 
	"PHONE" VARCHAR2(255 CHAR), 
	"SURNAME" VARCHAR2(255 CHAR)
   ) SEGMENT CREATION IMMEDIATE 
  PCTFREE 10 PCTUSED 40 INITRANS 1 MAXTRANS 255 NOCOMPRESS LOGGING
  STORAGE(INITIAL 65536 NEXT 1048576 MINEXTENTS 1 MAXEXTENTS 2147483645
  PCTINCREASE 0 FREELISTS 1 FREELIST GROUPS 1 BUFFER_POOL DEFAULT FLASH_CACHE DEFAULT CELL_FLASH_CACHE DEFAULT)
  TABLESPACE "USERS" ;
--------------------------------------------------------
--  DDL for Table VEHICLES
--------------------------------------------------------

  CREATE TABLE "CALISMAALANI"."VEHICLES" 
   (	"ID" NUMBER(19,0), 
	"TYPE" VARCHAR2(255 CHAR)
   ) SEGMENT CREATION IMMEDIATE 
  PCTFREE 10 PCTUSED 40 INITRANS 1 MAXTRANS 255 NOCOMPRESS LOGGING
  STORAGE(INITIAL 65536 NEXT 1048576 MINEXTENTS 1 MAXEXTENTS 2147483645
  PCTINCREASE 0 FREELISTS 1 FREELIST GROUPS 1 BUFFER_POOL DEFAULT FLASH_CACHE DEFAULT CELL_FLASH_CACHE DEFAULT)
  TABLESPACE "USERS" ;
REM INSERTING into CALISMAALANI.ADVERTISEMENTS
SET DEFINE OFF;
Insert into CALISMAALANI.ADVERTISEMENTS (AD_ID,ABC,AC,ACTIVE,AD_DATE,AIRBAG,BLUETOOTH,BRAND,CAMERA,CD,CHANGING,CITY,COLOR,CON,CRUISE,DESCRIPTION,ENTERTAINMENT,FUEL,GEAR,HILL,IMG1,IMG2,IMG3,IMG4,IMG5,IMMOBILIZER,KM,LANE,MODEL,NAVIGATION,PP,PRICE,TV,TYPE,USER_ID,VEHICLE,YEAR) values (62,1,1,1,to_timestamp('30-MAY-20 08.50.52.942000000 PM','DD-MON-RR HH.MI.SSXFF AM'),1,1,'Audi',1,1,0,'?stanbul',0,'Yeni Gibi',1,'Audi S7',1,'Benzin','Otomatik',1,'asset/ad_images/62/img1.jpg','asset/ad_images/62/img2.jpg','asset/ad_images/62/img3.jpg','asset/ad_images/62/img4.jpg','asset/ad_images/62/img5.jpg',1,35000,1,'S Serisi',1,'asset/ad_images/62/pp.jpg',365000,1,'Sedan',61,'Otomobil',2016);
Insert into CALISMAALANI.ADVERTISEMENTS (AD_ID,ABC,AC,ACTIVE,AD_DATE,AIRBAG,BLUETOOTH,BRAND,CAMERA,CD,CHANGING,CITY,COLOR,CON,CRUISE,DESCRIPTION,ENTERTAINMENT,FUEL,GEAR,HILL,IMG1,IMG2,IMG3,IMG4,IMG5,IMMOBILIZER,KM,LANE,MODEL,NAVIGATION,PP,PRICE,TV,TYPE,USER_ID,VEHICLE,YEAR) values (65,1,1,1,to_timestamp('30-MAY-20 09.32.39.689000000 PM','DD-MON-RR HH.MI.SSXFF AM'),1,1,'Honda',0,1,1,'Bolu',1,'Yeni Gibi',1,'2019 Accord Sport',0,'Dizel','Manuel',1,'asset/ad_images/65/img1.jpg','asset/ad_images/65/img2.jpg','asset/ad_images/65/img3.jpg','asset/ad_images/65/img4.jpg','asset/ad_images/65/img5.jpg',1,25600,1,'Accord',1,'asset/ad_images/65/pp.jpg',145000,1,'Sedan',61,'Otomobil',2019);
Insert into CALISMAALANI.ADVERTISEMENTS (AD_ID,ABC,AC,ACTIVE,AD_DATE,AIRBAG,BLUETOOTH,BRAND,CAMERA,CD,CHANGING,CITY,COLOR,CON,CRUISE,DESCRIPTION,ENTERTAINMENT,FUEL,GEAR,HILL,IMG1,IMG2,IMG3,IMG4,IMG5,IMMOBILIZER,KM,LANE,MODEL,NAVIGATION,PP,PRICE,TV,TYPE,USER_ID,VEHICLE,YEAR) values (75,1,1,1,to_timestamp('07-JUN-20 05.02.45.920000000 PM','DD-MON-RR HH.MI.SSXFF AM'),1,1,'Infiniti',1,1,0,'Zonguldak',0,'Yeni',1,'2019 Q60 Red Sport 400 23.000 Km',1,'Benzin','Otomatik',1,'asset/ad_images/75/img1.jpg','asset/ad_images/75/img2.jpg','asset/ad_images/75/img3.jpg','asset/ad_images/75/img4.jpg','asset/ad_images/75/img5.jpg',1,23400,1,'Q60',1,'asset/ad_images/75/pp.jpg',521000,1,'Coupe',74,'Otomobil',2019);
Insert into CALISMAALANI.ADVERTISEMENTS (AD_ID,ABC,AC,ACTIVE,AD_DATE,AIRBAG,BLUETOOTH,BRAND,CAMERA,CD,CHANGING,CITY,COLOR,CON,CRUISE,DESCRIPTION,ENTERTAINMENT,FUEL,GEAR,HILL,IMG1,IMG2,IMG3,IMG4,IMG5,IMMOBILIZER,KM,LANE,MODEL,NAVIGATION,PP,PRICE,TV,TYPE,USER_ID,VEHICLE,YEAR) values (85,1,1,1,to_timestamp('07-JUN-20 01.10.11.685000000 AM','DD-MON-RR HH.MI.SSXFF AM'),1,1,'GMC',1,1,0,'Kütahya',0,'Yeni Gibi',1,'2017 Terrain SLT 
GMC',1,'Benzin','Otomatik',1,'asset/ad_images/85/img1.jpg','asset/ad_images/85/img2.jpg','asset/ad_images/85/img3.jpg','asset/ad_images/85/img4.jpg','asset/ad_images/85/img5.jpg',1,41000,1,'Typhoon',1,'asset/ad_images/85/pp.jpg',495000,1,'SUV',74,'Arazi, SUV & Pickup',2017);
Insert into CALISMAALANI.ADVERTISEMENTS (AD_ID,ABC,AC,ACTIVE,AD_DATE,AIRBAG,BLUETOOTH,BRAND,CAMERA,CD,CHANGING,CITY,COLOR,CON,CRUISE,DESCRIPTION,ENTERTAINMENT,FUEL,GEAR,HILL,IMG1,IMG2,IMG3,IMG4,IMG5,IMMOBILIZER,KM,LANE,MODEL,NAVIGATION,PP,PRICE,TV,TYPE,USER_ID,VEHICLE,YEAR) values (86,1,1,-1,to_timestamp('07-JUN-20 05.09.10.351000000 PM','DD-MON-RR HH.MI.SSXFF AM'),1,1,'Dodge',0,1,0,'Tokat',0,'Yeni Gibi',0,'Dodge 2018 Grand Caravan SXT  ',0,'Benzin','Yar? Otomatik',1,'asset/ad_images/86/img1.jpg','asset/ad_images/86/img2.jpg','asset/ad_images/86/img3.jpg','asset/ad_images/86/img4.jpg','asset/ad_images/86/img5.jpg',1,50000,0,'Grand Caravan',1,'asset/ad_images/86/pp.jpg',158000,1,'Caml? Van',74,'Minivan & Panelvan',2018);
Insert into CALISMAALANI.ADVERTISEMENTS (AD_ID,ABC,AC,ACTIVE,AD_DATE,AIRBAG,BLUETOOTH,BRAND,CAMERA,CD,CHANGING,CITY,COLOR,CON,CRUISE,DESCRIPTION,ENTERTAINMENT,FUEL,GEAR,HILL,IMG1,IMG2,IMG3,IMG4,IMG5,IMMOBILIZER,KM,LANE,MODEL,NAVIGATION,PP,PRICE,TV,TYPE,USER_ID,VEHICLE,YEAR) values (102,0,0,-1,to_timestamp('15-JUN-20 03.32.22.699000000 PM','DD-MON-RR HH.MI.SSXFF AM'),1,0,'Audi',0,0,0,'Afyonkarahisar',0,'Mükemmel',0,'thfghfgh',0,'Benzin & LPG','Otomatik',0,null,null,null,null,null,1,5654,0,'Q3',0,'asset/ad_images/102/pp.jpg',686868,0,'Hard top',13,'Arazi, SUV & Pickup',2020);
Insert into CALISMAALANI.ADVERTISEMENTS (AD_ID,ABC,AC,ACTIVE,AD_DATE,AIRBAG,BLUETOOTH,BRAND,CAMERA,CD,CHANGING,CITY,COLOR,CON,CRUISE,DESCRIPTION,ENTERTAINMENT,FUEL,GEAR,HILL,IMG1,IMG2,IMG3,IMG4,IMG5,IMMOBILIZER,KM,LANE,MODEL,NAVIGATION,PP,PRICE,TV,TYPE,USER_ID,VEHICLE,YEAR) values (88,1,1,0,to_timestamp('07-JUN-20 05.21.35.599000000 PM','DD-MON-RR HH.MI.SSXFF AM'),1,1,'Toyota',0,1,0,'Antalya',0,'Yeni',1,'2019 Toyota RAV4 LE',0,'Dizel','Manuel',1,'asset/ad_images/88/img1.jpg','asset/ad_images/88/img2.jpg','asset/ad_images/88/img3.jpg','asset/ad_images/88/img4.jpg','asset/ad_images/88/img5.jpg',1,12000,1,'RAV4',1,'asset/ad_images/88/pp.jpg',380000,1,'SUV',74,'Arazi, SUV & Pickup',2019);
Insert into CALISMAALANI.ADVERTISEMENTS (AD_ID,ABC,AC,ACTIVE,AD_DATE,AIRBAG,BLUETOOTH,BRAND,CAMERA,CD,CHANGING,CITY,COLOR,CON,CRUISE,DESCRIPTION,ENTERTAINMENT,FUEL,GEAR,HILL,IMG1,IMG2,IMG3,IMG4,IMG5,IMMOBILIZER,KM,LANE,MODEL,NAVIGATION,PP,PRICE,TV,TYPE,USER_ID,VEHICLE,YEAR) values (89,1,1,0,to_timestamp('07-JUN-20 06.33.28.400000000 PM','DD-MON-RR HH.MI.SSXFF AM'),1,1,'Ford',1,1,1,'Nev?ehir',0,'Mükemmel',1,'2015 Ford Transit Connect XLT ',0,'Dizel','Otomatik',1,'asset/ad_images/89/img1.jpg','asset/ad_images/89/img2.jpg','asset/ad_images/89/img3.jpg','asset/ad_images/89/img4.jpg','asset/ad_images/89/img5.jpg',1,26050,1,'Transit Connect',1,'asset/ad_images/89/pp.jpg',135000,0,'Panel Van',13,'Minivan & Panelvan',2015);
Insert into CALISMAALANI.ADVERTISEMENTS (AD_ID,ABC,AC,ACTIVE,AD_DATE,AIRBAG,BLUETOOTH,BRAND,CAMERA,CD,CHANGING,CITY,COLOR,CON,CRUISE,DESCRIPTION,ENTERTAINMENT,FUEL,GEAR,HILL,IMG1,IMG2,IMG3,IMG4,IMG5,IMMOBILIZER,KM,LANE,MODEL,NAVIGATION,PP,PRICE,TV,TYPE,USER_ID,VEHICLE,YEAR) values (90,1,0,0,to_timestamp('07-JUN-20 07.50.56.618000000 PM','DD-MON-RR HH.MI.SSXFF AM'),1,0,'Toyota',0,1,0,'Tunceli',1,'Yeni Gibi',1,'2017 Toyota 
Corolla LE ',1,'Benzin & LPG','Yar? Otomatik',1,'asset/ad_images/90/img1.jpg','asset/ad_images/90/img2.jpg','asset/ad_images/90/img3.jpg','asset/ad_images/90/img4.jpg','asset/ad_images/90/img5.jpg',1,62000,0,'Corolla',1,'asset/ad_images/90/pp.jpg',120000,0,'Sedan',61,'Otomobil',2017);
Insert into CALISMAALANI.ADVERTISEMENTS (AD_ID,ABC,AC,ACTIVE,AD_DATE,AIRBAG,BLUETOOTH,BRAND,CAMERA,CD,CHANGING,CITY,COLOR,CON,CRUISE,DESCRIPTION,ENTERTAINMENT,FUEL,GEAR,HILL,IMG1,IMG2,IMG3,IMG4,IMG5,IMMOBILIZER,KM,LANE,MODEL,NAVIGATION,PP,PRICE,TV,TYPE,USER_ID,VEHICLE,YEAR) values (83,1,1,0,to_timestamp('15-JUN-20 03.33.47.938000000 PM','DD-MON-RR HH.MI.SSXFF AM'),1,0,'Ford',0,1,0,'Zonguldak',1,'Mükemmel',0,'FORD 2012 Mustang GT ',0,'Benzin','Otomatik',1,'asset/ad_images/83/img1.jpg','asset/ad_images/83/img2.jpg','asset/ad_images/83/img3.jpg','asset/ad_images/83/img4.jpg','asset/ad_images/83/img5.jpg',1,36900,1,'Mustang',0,'asset/ad_images/83/pp.jpg',236000,0,'Coupe',13,'Otomobil',2012);
Insert into CALISMAALANI.ADVERTISEMENTS (AD_ID,ABC,AC,ACTIVE,AD_DATE,AIRBAG,BLUETOOTH,BRAND,CAMERA,CD,CHANGING,CITY,COLOR,CON,CRUISE,DESCRIPTION,ENTERTAINMENT,FUEL,GEAR,HILL,IMG1,IMG2,IMG3,IMG4,IMG5,IMMOBILIZER,KM,LANE,MODEL,NAVIGATION,PP,PRICE,TV,TYPE,USER_ID,VEHICLE,YEAR) values (91,1,1,-1,to_timestamp('07-JUN-20 07.53.27.443000000 PM','DD-MON-RR HH.MI.SSXFF AM'),1,1,'Volvo',1,1,1,'Antalya',1,'Mükemmel',1,'2015 Volvo XC60 T5 Premier ',0,'Dizel','Otomatik',1,'asset/ad_images/91/img1.jpg','asset/ad_images/91/img2.jpg','asset/ad_images/91/img3.jpg','asset/ad_images/91/img4.jpg','asset/ad_images/91/img5.jpg',1,80000,1,'XC60',0,'asset/ad_images/91/pp.jpg',300000,0,'SUV',61,'Arazi, SUV & Pickup',2015);
Insert into CALISMAALANI.ADVERTISEMENTS (AD_ID,ABC,AC,ACTIVE,AD_DATE,AIRBAG,BLUETOOTH,BRAND,CAMERA,CD,CHANGING,CITY,COLOR,CON,CRUISE,DESCRIPTION,ENTERTAINMENT,FUEL,GEAR,HILL,IMG1,IMG2,IMG3,IMG4,IMG5,IMMOBILIZER,KM,LANE,MODEL,NAVIGATION,PP,PRICE,TV,TYPE,USER_ID,VEHICLE,YEAR) values (63,1,1,0,to_timestamp('15-JUN-20 03.34.09.396000000 PM','DD-MON-RR HH.MI.SSXFF AM'),1,0,'Ford',1,1,0,'Bilecik',0,'Yeni Gibi',1,'fghghdghdf',0,'Elektrik','Otomatik',1,null,null,null,null,null,1,10655,1,'Mustang',0,'asset/ad_images/63/pp.jpg',259000,1,'Coupe',13,'Otomobil',2019);
REM INSERTING into CALISMAALANI.APEX$_ACL
SET DEFINE OFF;
REM INSERTING into CALISMAALANI.APEX$_WS_FILES
SET DEFINE OFF;
REM INSERTING into CALISMAALANI.APEX$_WS_HISTORY
SET DEFINE OFF;
REM INSERTING into CALISMAALANI.APEX$_WS_LINKS
SET DEFINE OFF;
REM INSERTING into CALISMAALANI.APEX$_WS_NOTES
SET DEFINE OFF;
REM INSERTING into CALISMAALANI.APEX$_WS_ROWS
SET DEFINE OFF;
REM INSERTING into CALISMAALANI.APEX$_WS_TAGS
SET DEFINE OFF;
REM INSERTING into CALISMAALANI.APEX$_WS_WEBPG_SECTIONS
SET DEFINE OFF;
REM INSERTING into CALISMAALANI.APEX$_WS_WEBPG_SECTION_HISTORY
SET DEFINE OFF;
REM INSERTING into CALISMAALANI.BRANDS
SET DEFINE OFF;
Insert into CALISMAALANI.BRANDS (ID,BRAND_ID,BRAND_NAME,VEHICLE_ID) values (0,0,'Alfa Romeo',0);
Insert into CALISMAALANI.BRANDS (ID,BRAND_ID,BRAND_NAME,VEHICLE_ID) values (1,1,'Alpine',0);
Insert into CALISMAALANI.BRANDS (ID,BRAND_ID,BRAND_NAME,VEHICLE_ID) values (2,2,'Anadol',0);
Insert into CALISMAALANI.BRANDS (ID,BRAND_ID,BRAND_NAME,VEHICLE_ID) values (3,3,'Aston Martin',0);
Insert into CALISMAALANI.BRANDS (ID,BRAND_ID,BRAND_NAME,VEHICLE_ID) values (4,4,'Audi',0);
Insert into CALISMAALANI.BRANDS (ID,BRAND_ID,BRAND_NAME,VEHICLE_ID) values (5,5,'Bentley',0);
Insert into CALISMAALANI.BRANDS (ID,BRAND_ID,BRAND_NAME,VEHICLE_ID) values (6,6,'BMW',0);
Insert into CALISMAALANI.BRANDS (ID,BRAND_ID,BRAND_NAME,VEHICLE_ID) values (7,7,'Bugatti',0);
Insert into CALISMAALANI.BRANDS (ID,BRAND_ID,BRAND_NAME,VEHICLE_ID) values (8,8,'Buick',0);
Insert into CALISMAALANI.BRANDS (ID,BRAND_ID,BRAND_NAME,VEHICLE_ID) values (9,9,'Cadillac',0);
Insert into CALISMAALANI.BRANDS (ID,BRAND_ID,BRAND_NAME,VEHICLE_ID) values (10,10,'Chery',0);
Insert into CALISMAALANI.BRANDS (ID,BRAND_ID,BRAND_NAME,VEHICLE_ID) values (11,11,'Chevrolet',0);
Insert into CALISMAALANI.BRANDS (ID,BRAND_ID,BRAND_NAME,VEHICLE_ID) values (12,12,'Chrysler',0);
Insert into CALISMAALANI.BRANDS (ID,BRAND_ID,BRAND_NAME,VEHICLE_ID) values (13,13,'Citroën',0);
Insert into CALISMAALANI.BRANDS (ID,BRAND_ID,BRAND_NAME,VEHICLE_ID) values (14,14,'Dacia',0);
Insert into CALISMAALANI.BRANDS (ID,BRAND_ID,BRAND_NAME,VEHICLE_ID) values (15,15,'Daewoo',0);
Insert into CALISMAALANI.BRANDS (ID,BRAND_ID,BRAND_NAME,VEHICLE_ID) values (16,16,'Daihatsu',0);
Insert into CALISMAALANI.BRANDS (ID,BRAND_ID,BRAND_NAME,VEHICLE_ID) values (17,17,'Dodge',0);
Insert into CALISMAALANI.BRANDS (ID,BRAND_ID,BRAND_NAME,VEHICLE_ID) values (18,18,'DS Automobiles',0);
Insert into CALISMAALANI.BRANDS (ID,BRAND_ID,BRAND_NAME,VEHICLE_ID) values (19,19,'Ferrari',0);
Insert into CALISMAALANI.BRANDS (ID,BRAND_ID,BRAND_NAME,VEHICLE_ID) values (20,20,'Fiat',0);
Insert into CALISMAALANI.BRANDS (ID,BRAND_ID,BRAND_NAME,VEHICLE_ID) values (21,21,'Ford',0);
Insert into CALISMAALANI.BRANDS (ID,BRAND_ID,BRAND_NAME,VEHICLE_ID) values (22,22,'Geely',0);
Insert into CALISMAALANI.BRANDS (ID,BRAND_ID,BRAND_NAME,VEHICLE_ID) values (23,23,'Honda',0);
Insert into CALISMAALANI.BRANDS (ID,BRAND_ID,BRAND_NAME,VEHICLE_ID) values (24,24,'Hyundai',0);
Insert into CALISMAALANI.BRANDS (ID,BRAND_ID,BRAND_NAME,VEHICLE_ID) values (25,25,'Ikco ',0);
Insert into CALISMAALANI.BRANDS (ID,BRAND_ID,BRAND_NAME,VEHICLE_ID) values (26,26,'Infiniti',0);
Insert into CALISMAALANI.BRANDS (ID,BRAND_ID,BRAND_NAME,VEHICLE_ID) values (27,27,'Isuzu',0);
Insert into CALISMAALANI.BRANDS (ID,BRAND_ID,BRAND_NAME,VEHICLE_ID) values (28,28,'Jaguar',0);
Insert into CALISMAALANI.BRANDS (ID,BRAND_ID,BRAND_NAME,VEHICLE_ID) values (29,29,'Kia',0);
Insert into CALISMAALANI.BRANDS (ID,BRAND_ID,BRAND_NAME,VEHICLE_ID) values (30,30,'Lada',0);
Insert into CALISMAALANI.BRANDS (ID,BRAND_ID,BRAND_NAME,VEHICLE_ID) values (31,31,'Lamborghini ',0);
Insert into CALISMAALANI.BRANDS (ID,BRAND_ID,BRAND_NAME,VEHICLE_ID) values (32,32,'Lancia',0);
Insert into CALISMAALANI.BRANDS (ID,BRAND_ID,BRAND_NAME,VEHICLE_ID) values (33,33,'Lexus',0);
Insert into CALISMAALANI.BRANDS (ID,BRAND_ID,BRAND_NAME,VEHICLE_ID) values (34,34,'Lincoln',0);
Insert into CALISMAALANI.BRANDS (ID,BRAND_ID,BRAND_NAME,VEHICLE_ID) values (35,35,'Lotus',0);
Insert into CALISMAALANI.BRANDS (ID,BRAND_ID,BRAND_NAME,VEHICLE_ID) values (36,36,'Maserati',0);
Insert into CALISMAALANI.BRANDS (ID,BRAND_ID,BRAND_NAME,VEHICLE_ID) values (37,37,'Mazda',0);
Insert into CALISMAALANI.BRANDS (ID,BRAND_ID,BRAND_NAME,VEHICLE_ID) values (38,38,'McLare',0);
Insert into CALISMAALANI.BRANDS (ID,BRAND_ID,BRAND_NAME,VEHICLE_ID) values (39,39,'Mercedes - Benz',0);
Insert into CALISMAALANI.BRANDS (ID,BRAND_ID,BRAND_NAME,VEHICLE_ID) values (40,40,'Mercury',0);
Insert into CALISMAALANI.BRANDS (ID,BRAND_ID,BRAND_NAME,VEHICLE_ID) values (41,41,'MG',0);
Insert into CALISMAALANI.BRANDS (ID,BRAND_ID,BRAND_NAME,VEHICLE_ID) values (42,42,'Mini',0);
Insert into CALISMAALANI.BRANDS (ID,BRAND_ID,BRAND_NAME,VEHICLE_ID) values (43,43,'Mitsubishi ',0);
Insert into CALISMAALANI.BRANDS (ID,BRAND_ID,BRAND_NAME,VEHICLE_ID) values (44,44,'Morgan',0);
Insert into CALISMAALANI.BRANDS (ID,BRAND_ID,BRAND_NAME,VEHICLE_ID) values (45,45,'Moskwitsch',0);
Insert into CALISMAALANI.BRANDS (ID,BRAND_ID,BRAND_NAME,VEHICLE_ID) values (46,46,'Nissan',0);
Insert into CALISMAALANI.BRANDS (ID,BRAND_ID,BRAND_NAME,VEHICLE_ID) values (47,47,'Opel',0);
Insert into CALISMAALANI.BRANDS (ID,BRAND_ID,BRAND_NAME,VEHICLE_ID) values (48,48,'Peugeot',0);
Insert into CALISMAALANI.BRANDS (ID,BRAND_ID,BRAND_NAME,VEHICLE_ID) values (49,49,'Plymouth',0);
Insert into CALISMAALANI.BRANDS (ID,BRAND_ID,BRAND_NAME,VEHICLE_ID) values (50,50,'Pontiac',0);
Insert into CALISMAALANI.BRANDS (ID,BRAND_ID,BRAND_NAME,VEHICLE_ID) values (51,51,'Porsche',0);
Insert into CALISMAALANI.BRANDS (ID,BRAND_ID,BRAND_NAME,VEHICLE_ID) values (52,52,'Proton',0);
Insert into CALISMAALANI.BRANDS (ID,BRAND_ID,BRAND_NAME,VEHICLE_ID) values (53,53,'Renault',0);
Insert into CALISMAALANI.BRANDS (ID,BRAND_ID,BRAND_NAME,VEHICLE_ID) values (54,54,'Rolls-Royce',0);
Insert into CALISMAALANI.BRANDS (ID,BRAND_ID,BRAND_NAME,VEHICLE_ID) values (55,55,'Rover',0);
Insert into CALISMAALANI.BRANDS (ID,BRAND_ID,BRAND_NAME,VEHICLE_ID) values (56,56,'Saab',0);
Insert into CALISMAALANI.BRANDS (ID,BRAND_ID,BRAND_NAME,VEHICLE_ID) values (57,57,'Seat',0);
Insert into CALISMAALANI.BRANDS (ID,BRAND_ID,BRAND_NAME,VEHICLE_ID) values (58,58,'Skoda',0);
Insert into CALISMAALANI.BRANDS (ID,BRAND_ID,BRAND_NAME,VEHICLE_ID) values (59,59,'Smart',0);
Insert into CALISMAALANI.BRANDS (ID,BRAND_ID,BRAND_NAME,VEHICLE_ID) values (60,60,'Subaru',0);
Insert into CALISMAALANI.BRANDS (ID,BRAND_ID,BRAND_NAME,VEHICLE_ID) values (61,61,'Suzuki',0);
Insert into CALISMAALANI.BRANDS (ID,BRAND_ID,BRAND_NAME,VEHICLE_ID) values (62,62,'Tata',0);
Insert into CALISMAALANI.BRANDS (ID,BRAND_ID,BRAND_NAME,VEHICLE_ID) values (63,63,'Tesla',0);
Insert into CALISMAALANI.BRANDS (ID,BRAND_ID,BRAND_NAME,VEHICLE_ID) values (64,64,'Tofa?',0);
Insert into CALISMAALANI.BRANDS (ID,BRAND_ID,BRAND_NAME,VEHICLE_ID) values (65,65,'Toyota ',0);
Insert into CALISMAALANI.BRANDS (ID,BRAND_ID,BRAND_NAME,VEHICLE_ID) values (66,66,'Volkswagen',0);
Insert into CALISMAALANI.BRANDS (ID,BRAND_ID,BRAND_NAME,VEHICLE_ID) values (67,67,'Volvo',0);
Insert into CALISMAALANI.BRANDS (ID,BRAND_ID,BRAND_NAME,VEHICLE_ID) values (68,0,'Acura',1);
Insert into CALISMAALANI.BRANDS (ID,BRAND_ID,BRAND_NAME,VEHICLE_ID) values (69,1,'Alfa Romeo',1);
Insert into CALISMAALANI.BRANDS (ID,BRAND_ID,BRAND_NAME,VEHICLE_ID) values (70,2,'Audi',1);
Insert into CALISMAALANI.BRANDS (ID,BRAND_ID,BRAND_NAME,VEHICLE_ID) values (71,3,'Bentley',1);
Insert into CALISMAALANI.BRANDS (ID,BRAND_ID,BRAND_NAME,VEHICLE_ID) values (72,4,'BMW',1);
Insert into CALISMAALANI.BRANDS (ID,BRAND_ID,BRAND_NAME,VEHICLE_ID) values (73,5,'Cadillac',1);
Insert into CALISMAALANI.BRANDS (ID,BRAND_ID,BRAND_NAME,VEHICLE_ID) values (74,6,'Chery',1);
Insert into CALISMAALANI.BRANDS (ID,BRAND_ID,BRAND_NAME,VEHICLE_ID) values (75,7,'Chevrolet',1);
Insert into CALISMAALANI.BRANDS (ID,BRAND_ID,BRAND_NAME,VEHICLE_ID) values (76,8,'Chrysler',1);
Insert into CALISMAALANI.BRANDS (ID,BRAND_ID,BRAND_NAME,VEHICLE_ID) values (77,9,'Citroën',1);
Insert into CALISMAALANI.BRANDS (ID,BRAND_ID,BRAND_NAME,VEHICLE_ID) values (78,10,'Dacia',1);
Insert into CALISMAALANI.BRANDS (ID,BRAND_ID,BRAND_NAME,VEHICLE_ID) values (79,11,'Daewoo',1);
Insert into CALISMAALANI.BRANDS (ID,BRAND_ID,BRAND_NAME,VEHICLE_ID) values (80,12,'Daihatsu',1);
Insert into CALISMAALANI.BRANDS (ID,BRAND_ID,BRAND_NAME,VEHICLE_ID) values (81,13,'DFM',1);
Insert into CALISMAALANI.BRANDS (ID,BRAND_ID,BRAND_NAME,VEHICLE_ID) values (82,14,'Dodge',1);
Insert into CALISMAALANI.BRANDS (ID,BRAND_ID,BRAND_NAME,VEHICLE_ID) values (83,15,'DS Automobiles',1);
Insert into CALISMAALANI.BRANDS (ID,BRAND_ID,BRAND_NAME,VEHICLE_ID) values (84,16,'Fiat',1);
Insert into CALISMAALANI.BRANDS (ID,BRAND_ID,BRAND_NAME,VEHICLE_ID) values (85,17,'Ford',1);
Insert into CALISMAALANI.BRANDS (ID,BRAND_ID,BRAND_NAME,VEHICLE_ID) values (86,18,'GMC',1);
Insert into CALISMAALANI.BRANDS (ID,BRAND_ID,BRAND_NAME,VEHICLE_ID) values (87,19,'Haima',1);
Insert into CALISMAALANI.BRANDS (ID,BRAND_ID,BRAND_NAME,VEHICLE_ID) values (88,20,'Honda',1);
Insert into CALISMAALANI.BRANDS (ID,BRAND_ID,BRAND_NAME,VEHICLE_ID) values (89,21,'Hummer',1);
Insert into CALISMAALANI.BRANDS (ID,BRAND_ID,BRAND_NAME,VEHICLE_ID) values (90,22,'Hyundai',1);
Insert into CALISMAALANI.BRANDS (ID,BRAND_ID,BRAND_NAME,VEHICLE_ID) values (91,23,'Infiniti ',1);
Insert into CALISMAALANI.BRANDS (ID,BRAND_ID,BRAND_NAME,VEHICLE_ID) values (92,24,'Isuzu',1);
Insert into CALISMAALANI.BRANDS (ID,BRAND_ID,BRAND_NAME,VEHICLE_ID) values (93,25,'Jaguar',1);
Insert into CALISMAALANI.BRANDS (ID,BRAND_ID,BRAND_NAME,VEHICLE_ID) values (94,26,'Jeep',1);
Insert into CALISMAALANI.BRANDS (ID,BRAND_ID,BRAND_NAME,VEHICLE_ID) values (95,27,'Kia',1);
Insert into CALISMAALANI.BRANDS (ID,BRAND_ID,BRAND_NAME,VEHICLE_ID) values (96,28,'Lada',1);
Insert into CALISMAALANI.BRANDS (ID,BRAND_ID,BRAND_NAME,VEHICLE_ID) values (97,29,'Lamborghini',1);
Insert into CALISMAALANI.BRANDS (ID,BRAND_ID,BRAND_NAME,VEHICLE_ID) values (98,30,'Land Rover',1);
Insert into CALISMAALANI.BRANDS (ID,BRAND_ID,BRAND_NAME,VEHICLE_ID) values (99,31,'Lexus',1);
Insert into CALISMAALANI.BRANDS (ID,BRAND_ID,BRAND_NAME,VEHICLE_ID) values (100,32,'Lincoln',1);
Insert into CALISMAALANI.BRANDS (ID,BRAND_ID,BRAND_NAME,VEHICLE_ID) values (101,33,'Mahindra',1);
Insert into CALISMAALANI.BRANDS (ID,BRAND_ID,BRAND_NAME,VEHICLE_ID) values (102,34,'Maserati',1);
Insert into CALISMAALANI.BRANDS (ID,BRAND_ID,BRAND_NAME,VEHICLE_ID) values (103,35,'Mazda',1);
Insert into CALISMAALANI.BRANDS (ID,BRAND_ID,BRAND_NAME,VEHICLE_ID) values (104,36,'Mercedes - Benz ',1);
Insert into CALISMAALANI.BRANDS (ID,BRAND_ID,BRAND_NAME,VEHICLE_ID) values (105,37,'Mercury',1);
Insert into CALISMAALANI.BRANDS (ID,BRAND_ID,BRAND_NAME,VEHICLE_ID) values (106,38,'Mini ',1);
Insert into CALISMAALANI.BRANDS (ID,BRAND_ID,BRAND_NAME,VEHICLE_ID) values (107,39,'Mitsubishi ',1);
Insert into CALISMAALANI.BRANDS (ID,BRAND_ID,BRAND_NAME,VEHICLE_ID) values (108,40,'Nissan',1);
Insert into CALISMAALANI.BRANDS (ID,BRAND_ID,BRAND_NAME,VEHICLE_ID) values (109,41,'Opel',1);
Insert into CALISMAALANI.BRANDS (ID,BRAND_ID,BRAND_NAME,VEHICLE_ID) values (110,42,'Peugeot ',1);
Insert into CALISMAALANI.BRANDS (ID,BRAND_ID,BRAND_NAME,VEHICLE_ID) values (111,43,'Porsche ',1);
Insert into CALISMAALANI.BRANDS (ID,BRAND_ID,BRAND_NAME,VEHICLE_ID) values (112,44,'Poyraz ',1);
Insert into CALISMAALANI.BRANDS (ID,BRAND_ID,BRAND_NAME,VEHICLE_ID) values (113,45,'Renault ',1);
Insert into CALISMAALANI.BRANDS (ID,BRAND_ID,BRAND_NAME,VEHICLE_ID) values (114,46,'Rolls-Royce',1);
Insert into CALISMAALANI.BRANDS (ID,BRAND_ID,BRAND_NAME,VEHICLE_ID) values (115,47,'Seat',1);
Insert into CALISMAALANI.BRANDS (ID,BRAND_ID,BRAND_NAME,VEHICLE_ID) values (116,48,'Skoda',1);
Insert into CALISMAALANI.BRANDS (ID,BRAND_ID,BRAND_NAME,VEHICLE_ID) values (117,49,'SsangYong ',1);
Insert into CALISMAALANI.BRANDS (ID,BRAND_ID,BRAND_NAME,VEHICLE_ID) values (118,50,'Subaru ',1);
Insert into CALISMAALANI.BRANDS (ID,BRAND_ID,BRAND_NAME,VEHICLE_ID) values (119,51,'Suzuki',1);
Insert into CALISMAALANI.BRANDS (ID,BRAND_ID,BRAND_NAME,VEHICLE_ID) values (120,52,'Tata',1);
Insert into CALISMAALANI.BRANDS (ID,BRAND_ID,BRAND_NAME,VEHICLE_ID) values (121,53,'Toyota ',1);
Insert into CALISMAALANI.BRANDS (ID,BRAND_ID,BRAND_NAME,VEHICLE_ID) values (122,54,'Volkswagen',1);
Insert into CALISMAALANI.BRANDS (ID,BRAND_ID,BRAND_NAME,VEHICLE_ID) values (123,55,'Volvo',1);
Insert into CALISMAALANI.BRANDS (ID,BRAND_ID,BRAND_NAME,VEHICLE_ID) values (124,0,'BMC',2);
Insert into CALISMAALANI.BRANDS (ID,BRAND_ID,BRAND_NAME,VEHICLE_ID) values (125,1,'Chery',2);
Insert into CALISMAALANI.BRANDS (ID,BRAND_ID,BRAND_NAME,VEHICLE_ID) values (126,2,'Chevrolet',2);
Insert into CALISMAALANI.BRANDS (ID,BRAND_ID,BRAND_NAME,VEHICLE_ID) values (127,3,'Chrysler',2);
Insert into CALISMAALANI.BRANDS (ID,BRAND_ID,BRAND_NAME,VEHICLE_ID) values (128,4,'Citroën ',2);
Insert into CALISMAALANI.BRANDS (ID,BRAND_ID,BRAND_NAME,VEHICLE_ID) values (129,5,'Dacia ',2);
Insert into CALISMAALANI.BRANDS (ID,BRAND_ID,BRAND_NAME,VEHICLE_ID) values (130,6,'Daewoo',2);
Insert into CALISMAALANI.BRANDS (ID,BRAND_ID,BRAND_NAME,VEHICLE_ID) values (131,7,'Daihatsu ',2);
Insert into CALISMAALANI.BRANDS (ID,BRAND_ID,BRAND_NAME,VEHICLE_ID) values (132,8,'DFM ',2);
Insert into CALISMAALANI.BRANDS (ID,BRAND_ID,BRAND_NAME,VEHICLE_ID) values (133,9,'DFSK',2);
Insert into CALISMAALANI.BRANDS (ID,BRAND_ID,BRAND_NAME,VEHICLE_ID) values (134,10,'Dodge',2);
Insert into CALISMAALANI.BRANDS (ID,BRAND_ID,BRAND_NAME,VEHICLE_ID) values (135,11,'FAW ',2);
Insert into CALISMAALANI.BRANDS (ID,BRAND_ID,BRAND_NAME,VEHICLE_ID) values (136,12,'Fiat ',2);
Insert into CALISMAALANI.BRANDS (ID,BRAND_ID,BRAND_NAME,VEHICLE_ID) values (137,13,'Ford',2);
Insert into CALISMAALANI.BRANDS (ID,BRAND_ID,BRAND_NAME,VEHICLE_ID) values (138,14,'GAZ ',2);
Insert into CALISMAALANI.BRANDS (ID,BRAND_ID,BRAND_NAME,VEHICLE_ID) values (139,15,'GMC',2);
Insert into CALISMAALANI.BRANDS (ID,BRAND_ID,BRAND_NAME,VEHICLE_ID) values (140,16,'HFKanuni ',2);
Insert into CALISMAALANI.BRANDS (ID,BRAND_ID,BRAND_NAME,VEHICLE_ID) values (141,17,'Hyundai ',2);
Insert into CALISMAALANI.BRANDS (ID,BRAND_ID,BRAND_NAME,VEHICLE_ID) values (142,18,'Isuzu',2);
Insert into CALISMAALANI.BRANDS (ID,BRAND_ID,BRAND_NAME,VEHICLE_ID) values (143,19,'Iveco',2);
Insert into CALISMAALANI.BRANDS (ID,BRAND_ID,BRAND_NAME,VEHICLE_ID) values (144,20,'Kia ',2);
Insert into CALISMAALANI.BRANDS (ID,BRAND_ID,BRAND_NAME,VEHICLE_ID) values (145,21,'Lancia ',2);
Insert into CALISMAALANI.BRANDS (ID,BRAND_ID,BRAND_NAME,VEHICLE_ID) values (146,22,'Mazda ',2);
Insert into CALISMAALANI.BRANDS (ID,BRAND_ID,BRAND_NAME,VEHICLE_ID) values (147,23,'Mercedes - Benz ',2);
Insert into CALISMAALANI.BRANDS (ID,BRAND_ID,BRAND_NAME,VEHICLE_ID) values (148,24,'Mitsubishi',2);
Insert into CALISMAALANI.BRANDS (ID,BRAND_ID,BRAND_NAME,VEHICLE_ID) values (149,25,'Nissan ',2);
Insert into CALISMAALANI.BRANDS (ID,BRAND_ID,BRAND_NAME,VEHICLE_ID) values (150,26,'Opel ',2);
Insert into CALISMAALANI.BRANDS (ID,BRAND_ID,BRAND_NAME,VEHICLE_ID) values (151,27,'Peugeot ',2);
Insert into CALISMAALANI.BRANDS (ID,BRAND_ID,BRAND_NAME,VEHICLE_ID) values (152,28,'Pontiac ',2);
Insert into CALISMAALANI.BRANDS (ID,BRAND_ID,BRAND_NAME,VEHICLE_ID) values (153,29,'Renault',2);
Insert into CALISMAALANI.BRANDS (ID,BRAND_ID,BRAND_NAME,VEHICLE_ID) values (154,30,'Seat',2);
Insert into CALISMAALANI.BRANDS (ID,BRAND_ID,BRAND_NAME,VEHICLE_ID) values (155,31,'Skoda',2);
Insert into CALISMAALANI.BRANDS (ID,BRAND_ID,BRAND_NAME,VEHICLE_ID) values (156,32,'Suzuki ',2);
Insert into CALISMAALANI.BRANDS (ID,BRAND_ID,BRAND_NAME,VEHICLE_ID) values (157,34,'Toyota',2);
Insert into CALISMAALANI.BRANDS (ID,BRAND_ID,BRAND_NAME,VEHICLE_ID) values (158,35,'Volkswagen',2);
Insert into CALISMAALANI.BRANDS (ID,BRAND_ID,BRAND_NAME,VEHICLE_ID) values (159,0,'BMC',3);
Insert into CALISMAALANI.BRANDS (ID,BRAND_ID,BRAND_NAME,VEHICLE_ID) values (160,1,'Chevrolet',3);
Insert into CALISMAALANI.BRANDS (ID,BRAND_ID,BRAND_NAME,VEHICLE_ID) values (161,2,'Citroen',3);
Insert into CALISMAALANI.BRANDS (ID,BRAND_ID,BRAND_NAME,VEHICLE_ID) values (162,3,'Commer',3);
Insert into CALISMAALANI.BRANDS (ID,BRAND_ID,BRAND_NAME,VEHICLE_ID) values (163,4,'Crawler',3);
Insert into CALISMAALANI.BRANDS (ID,BRAND_ID,BRAND_NAME,VEHICLE_ID) values (164,5,'Dodge',3);
Insert into CALISMAALANI.BRANDS (ID,BRAND_ID,BRAND_NAME,VEHICLE_ID) values (165,6,'Ford',3);
Insert into CALISMAALANI.BRANDS (ID,BRAND_ID,BRAND_NAME,VEHICLE_ID) values (166,7,'GAZ',3);
Insert into CALISMAALANI.BRANDS (ID,BRAND_ID,BRAND_NAME,VEHICLE_ID) values (167,8,'GMC',3);
Insert into CALISMAALANI.BRANDS (ID,BRAND_ID,BRAND_NAME,VEHICLE_ID) values (168,9,'Gündo?du Karavan',3);
Insert into CALISMAALANI.BRANDS (ID,BRAND_ID,BRAND_NAME,VEHICLE_ID) values (169,10,'Hotomobil',3);
Insert into CALISMAALANI.BRANDS (ID,BRAND_ID,BRAND_NAME,VEHICLE_ID) values (170,11,'Hunter@Nature',3);
Insert into CALISMAALANI.BRANDS (ID,BRAND_ID,BRAND_NAME,VEHICLE_ID) values (171,12,'Hymer',3);
Insert into CALISMAALANI.BRANDS (ID,BRAND_ID,BRAND_NAME,VEHICLE_ID) values (172,13,'Hyundai',3);
Insert into CALISMAALANI.BRANDS (ID,BRAND_ID,BRAND_NAME,VEHICLE_ID) values (173,14,'Isuzu',3);
Insert into CALISMAALANI.BRANDS (ID,BRAND_ID,BRAND_NAME,VEHICLE_ID) values (174,15,'Itasca',3);
Insert into CALISMAALANI.BRANDS (ID,BRAND_ID,BRAND_NAME,VEHICLE_ID) values (175,16,'Iveco',3);
Insert into CALISMAALANI.BRANDS (ID,BRAND_ID,BRAND_NAME,VEHICLE_ID) values (176,17,'?maj Karavan',3);
Insert into CALISMAALANI.BRANDS (ID,BRAND_ID,BRAND_NAME,VEHICLE_ID) values (177,18,'Kia',3);
Insert into CALISMAALANI.BRANDS (ID,BRAND_ID,BRAND_NAME,VEHICLE_ID) values (178,19,'Land Rover',3);
Insert into CALISMAALANI.BRANDS (ID,BRAND_ID,BRAND_NAME,VEHICLE_ID) values (179,20,'Mazda',3);
Insert into CALISMAALANI.BRANDS (ID,BRAND_ID,BRAND_NAME,VEHICLE_ID) values (180,21,'Mercedes',3);
Insert into CALISMAALANI.BRANDS (ID,BRAND_ID,BRAND_NAME,VEHICLE_ID) values (181,22,'Mitsubishi',3);
Insert into CALISMAALANI.BRANDS (ID,BRAND_ID,BRAND_NAME,VEHICLE_ID) values (182,23,'Opel',3);
Insert into CALISMAALANI.BRANDS (ID,BRAND_ID,BRAND_NAME,VEHICLE_ID) values (183,24,'Otokar',3);
Insert into CALISMAALANI.BRANDS (ID,BRAND_ID,BRAND_NAME,VEHICLE_ID) values (184,25,'Peugeot',3);
Insert into CALISMAALANI.BRANDS (ID,BRAND_ID,BRAND_NAME,VEHICLE_ID) values (185,26,'Renault',3);
Insert into CALISMAALANI.BRANDS (ID,BRAND_ID,BRAND_NAME,VEHICLE_ID) values (186,27,'Saly',3);
Insert into CALISMAALANI.BRANDS (ID,BRAND_ID,BRAND_NAME,VEHICLE_ID) values (187,28,'Superliner',3);
Insert into CALISMAALANI.BRANDS (ID,BRAND_ID,BRAND_NAME,VEHICLE_ID) values (188,29,'Tofa? - Fiat',3);
Insert into CALISMAALANI.BRANDS (ID,BRAND_ID,BRAND_NAME,VEHICLE_ID) values (189,30,'Turkar',3);
Insert into CALISMAALANI.BRANDS (ID,BRAND_ID,BRAND_NAME,VEHICLE_ID) values (190,31,'Viya',3);
Insert into CALISMAALANI.BRANDS (ID,BRAND_ID,BRAND_NAME,VEHICLE_ID) values (191,32,'Volkswagen',3);
Insert into CALISMAALANI.BRANDS (ID,BRAND_ID,BRAND_NAME,VEHICLE_ID) values (192,33,'Winnebago',3);
Insert into CALISMAALANI.BRANDS (ID,BRAND_ID,BRAND_NAME,VEHICLE_ID) values (193,34,'Di?er',3);
REM INSERTING into CALISMAALANI.CITIES
SET DEFINE OFF;
Insert into CALISMAALANI.CITIES (ID,CITY_NAME) values (0,'Adana');
Insert into CALISMAALANI.CITIES (ID,CITY_NAME) values (1,'Ad?yaman');
Insert into CALISMAALANI.CITIES (ID,CITY_NAME) values (2,'Afyonkarahisar');
Insert into CALISMAALANI.CITIES (ID,CITY_NAME) values (3,'A?r?');
Insert into CALISMAALANI.CITIES (ID,CITY_NAME) values (4,'Aksaray');
Insert into CALISMAALANI.CITIES (ID,CITY_NAME) values (5,'Amasya');
Insert into CALISMAALANI.CITIES (ID,CITY_NAME) values (6,'Ankara');
Insert into CALISMAALANI.CITIES (ID,CITY_NAME) values (7,'Antalya');
Insert into CALISMAALANI.CITIES (ID,CITY_NAME) values (8,'Ardahan');
Insert into CALISMAALANI.CITIES (ID,CITY_NAME) values (9,'Artvin');
Insert into CALISMAALANI.CITIES (ID,CITY_NAME) values (10,'Ayd?n');
Insert into CALISMAALANI.CITIES (ID,CITY_NAME) values (11,'Bal?kesir');
Insert into CALISMAALANI.CITIES (ID,CITY_NAME) values (12,'Bart?n');
Insert into CALISMAALANI.CITIES (ID,CITY_NAME) values (13,'Batman');
Insert into CALISMAALANI.CITIES (ID,CITY_NAME) values (14,'Bayburt');
Insert into CALISMAALANI.CITIES (ID,CITY_NAME) values (15,'Bilecik');
Insert into CALISMAALANI.CITIES (ID,CITY_NAME) values (16,'Bingöl');
Insert into CALISMAALANI.CITIES (ID,CITY_NAME) values (17,'Bitlis');
Insert into CALISMAALANI.CITIES (ID,CITY_NAME) values (18,'Bolu');
Insert into CALISMAALANI.CITIES (ID,CITY_NAME) values (19,'Burdur');
Insert into CALISMAALANI.CITIES (ID,CITY_NAME) values (20,'Bursa');
Insert into CALISMAALANI.CITIES (ID,CITY_NAME) values (21,'Çanakkale');
Insert into CALISMAALANI.CITIES (ID,CITY_NAME) values (22,'Çank?r?');
Insert into CALISMAALANI.CITIES (ID,CITY_NAME) values (23,'Çorum');
Insert into CALISMAALANI.CITIES (ID,CITY_NAME) values (24,'Denizli');
Insert into CALISMAALANI.CITIES (ID,CITY_NAME) values (25,'Diyarbak?r');
Insert into CALISMAALANI.CITIES (ID,CITY_NAME) values (26,'Düzce');
Insert into CALISMAALANI.CITIES (ID,CITY_NAME) values (27,'Edirne');
Insert into CALISMAALANI.CITIES (ID,CITY_NAME) values (28,'Elaz??');
Insert into CALISMAALANI.CITIES (ID,CITY_NAME) values (29,'Erzincan');
Insert into CALISMAALANI.CITIES (ID,CITY_NAME) values (30,'Erzurum');
Insert into CALISMAALANI.CITIES (ID,CITY_NAME) values (31,'Eski?ehir');
Insert into CALISMAALANI.CITIES (ID,CITY_NAME) values (32,'Gaziantep');
Insert into CALISMAALANI.CITIES (ID,CITY_NAME) values (33,'Giresun');
Insert into CALISMAALANI.CITIES (ID,CITY_NAME) values (34,'Gümü?hane');
Insert into CALISMAALANI.CITIES (ID,CITY_NAME) values (35,'Hakkâri');
Insert into CALISMAALANI.CITIES (ID,CITY_NAME) values (36,'Hatay');
Insert into CALISMAALANI.CITIES (ID,CITY_NAME) values (37,'I?d?r');
Insert into CALISMAALANI.CITIES (ID,CITY_NAME) values (38,'Isparta');
Insert into CALISMAALANI.CITIES (ID,CITY_NAME) values (39,'?stanbul');
Insert into CALISMAALANI.CITIES (ID,CITY_NAME) values (40,'?zmir');
Insert into CALISMAALANI.CITIES (ID,CITY_NAME) values (41,'Kahramanmara?');
Insert into CALISMAALANI.CITIES (ID,CITY_NAME) values (42,'Karabük');
Insert into CALISMAALANI.CITIES (ID,CITY_NAME) values (43,'Karaman');
Insert into CALISMAALANI.CITIES (ID,CITY_NAME) values (44,'Kars');
Insert into CALISMAALANI.CITIES (ID,CITY_NAME) values (45,'Kastamonu');
Insert into CALISMAALANI.CITIES (ID,CITY_NAME) values (46,'Kayseri');
Insert into CALISMAALANI.CITIES (ID,CITY_NAME) values (47,'Kilis');
Insert into CALISMAALANI.CITIES (ID,CITY_NAME) values (48,'K?r?kkale');
Insert into CALISMAALANI.CITIES (ID,CITY_NAME) values (49,'K?rklareli');
Insert into CALISMAALANI.CITIES (ID,CITY_NAME) values (50,'K?r?ehir');
Insert into CALISMAALANI.CITIES (ID,CITY_NAME) values (51,'Kocaeli');
Insert into CALISMAALANI.CITIES (ID,CITY_NAME) values (52,'Konya');
Insert into CALISMAALANI.CITIES (ID,CITY_NAME) values (53,'Kütahya');
Insert into CALISMAALANI.CITIES (ID,CITY_NAME) values (54,'Malatya');
Insert into CALISMAALANI.CITIES (ID,CITY_NAME) values (55,'Manisa');
Insert into CALISMAALANI.CITIES (ID,CITY_NAME) values (56,'Mardin');
Insert into CALISMAALANI.CITIES (ID,CITY_NAME) values (57,'Mersin');
Insert into CALISMAALANI.CITIES (ID,CITY_NAME) values (58,'Mu?la');
Insert into CALISMAALANI.CITIES (ID,CITY_NAME) values (59,'Mu?');
Insert into CALISMAALANI.CITIES (ID,CITY_NAME) values (60,'Nev?ehir');
Insert into CALISMAALANI.CITIES (ID,CITY_NAME) values (61,'Ni?de');
Insert into CALISMAALANI.CITIES (ID,CITY_NAME) values (62,'Ordu');
Insert into CALISMAALANI.CITIES (ID,CITY_NAME) values (63,'Osmaniye');
Insert into CALISMAALANI.CITIES (ID,CITY_NAME) values (64,'Rize');
Insert into CALISMAALANI.CITIES (ID,CITY_NAME) values (65,'Sakarya');
Insert into CALISMAALANI.CITIES (ID,CITY_NAME) values (66,'Samsun');
Insert into CALISMAALANI.CITIES (ID,CITY_NAME) values (67,'?anl?urfa');
Insert into CALISMAALANI.CITIES (ID,CITY_NAME) values (68,'Siirt');
Insert into CALISMAALANI.CITIES (ID,CITY_NAME) values (69,'Sinop');
Insert into CALISMAALANI.CITIES (ID,CITY_NAME) values (70,'Sivas');
Insert into CALISMAALANI.CITIES (ID,CITY_NAME) values (71,'??rnak');
Insert into CALISMAALANI.CITIES (ID,CITY_NAME) values (72,'Tekirda?');
Insert into CALISMAALANI.CITIES (ID,CITY_NAME) values (73,'Tokat');
Insert into CALISMAALANI.CITIES (ID,CITY_NAME) values (74,'Trabzon');
Insert into CALISMAALANI.CITIES (ID,CITY_NAME) values (75,'Tunceli');
Insert into CALISMAALANI.CITIES (ID,CITY_NAME) values (76,'U?ak');
Insert into CALISMAALANI.CITIES (ID,CITY_NAME) values (77,'Van');
Insert into CALISMAALANI.CITIES (ID,CITY_NAME) values (78,'Yalova');
Insert into CALISMAALANI.CITIES (ID,CITY_NAME) values (79,'Yozgat');
Insert into CALISMAALANI.CITIES (ID,CITY_NAME) values (80,'Zonguldak');
REM INSERTING into CALISMAALANI.CITY
SET DEFINE OFF;
Insert into CALISMAALANI.CITY (ID,NAME,COUNTRYCODE,DISTRICT,POPULATION) values (0,'Ankara','TUR','Sincan','450000');
Insert into CALISMAALANI.CITY (ID,NAME,COUNTRYCODE,DISTRICT,POPULATION) values (7,'Los Angeles','US','Long Beach','1000000');
Insert into CALISMAALANI.CITY (ID,NAME,COUNTRYCODE,DISTRICT,POPULATION) values (1,'?stanbul','TUR','Kad?köy','125000');
Insert into CALISMAALANI.CITY (ID,NAME,COUNTRYCODE,DISTRICT,POPULATION) values (3,'Dallas','US','Apple St.','78564');
Insert into CALISMAALANI.CITY (ID,NAME,COUNTRYCODE,DISTRICT,POPULATION) values (4,'Houston','US','City Center','6598');
Insert into CALISMAALANI.CITY (ID,NAME,COUNTRYCODE,DISTRICT,POPULATION) values (5,'San Fransisco','US','Silicon Valley','98654');
Insert into CALISMAALANI.CITY (ID,NAME,COUNTRYCODE,DISTRICT,POPULATION) values (6,'Berlin','DE','Berlin St.','45000');
REM INSERTING into CALISMAALANI.DEMO_CUSTOMERS
SET DEFINE OFF;
Insert into CALISMAALANI.DEMO_CUSTOMERS (CUSTOMER_ID,CUST_FIRST_NAME,CUST_LAST_NAME,CUST_STREET_ADDRESS1,CUST_STREET_ADDRESS2,CUST_CITY,CUST_STATE,CUST_POSTAL_CODE,PHONE_NUMBER1,PHONE_NUMBER2,CREDIT_LIMIT,CUST_EMAIL) values (1,'John','Dulles','45020 Aviation Drive',null,'Sterling','VA','20166','703-555-2143',null,1000,null);
Insert into CALISMAALANI.DEMO_CUSTOMERS (CUSTOMER_ID,CUST_FIRST_NAME,CUST_LAST_NAME,CUST_STREET_ADDRESS1,CUST_STREET_ADDRESS2,CUST_CITY,CUST_STATE,CUST_POSTAL_CODE,PHONE_NUMBER1,PHONE_NUMBER2,CREDIT_LIMIT,CUST_EMAIL) values (2,'William','Hartsfield','6000 North Terminal Parkway',null,'Atlanta','GA','30320','404-555-3285',null,1000,null);
Insert into CALISMAALANI.DEMO_CUSTOMERS (CUSTOMER_ID,CUST_FIRST_NAME,CUST_LAST_NAME,CUST_STREET_ADDRESS1,CUST_STREET_ADDRESS2,CUST_CITY,CUST_STATE,CUST_POSTAL_CODE,PHONE_NUMBER1,PHONE_NUMBER2,CREDIT_LIMIT,CUST_EMAIL) values (3,'Edward','Logan','1 Harborside Drive',null,'East Boston','MA','02128','617-555-3295',null,1000,null);
Insert into CALISMAALANI.DEMO_CUSTOMERS (CUSTOMER_ID,CUST_FIRST_NAME,CUST_LAST_NAME,CUST_STREET_ADDRESS1,CUST_STREET_ADDRESS2,CUST_CITY,CUST_STATE,CUST_POSTAL_CODE,PHONE_NUMBER1,PHONE_NUMBER2,CREDIT_LIMIT,CUST_EMAIL) values (4,'Edward "Butch"','OHare','10000 West OHare',null,'Chicago','IL','60666','773-555-7693',null,1000,null);
Insert into CALISMAALANI.DEMO_CUSTOMERS (CUSTOMER_ID,CUST_FIRST_NAME,CUST_LAST_NAME,CUST_STREET_ADDRESS1,CUST_STREET_ADDRESS2,CUST_CITY,CUST_STATE,CUST_POSTAL_CODE,PHONE_NUMBER1,PHONE_NUMBER2,CREDIT_LIMIT,CUST_EMAIL) values (5,'Fiorello','LaGuardia','Hangar Center','Third Floor','Flushing','NY','11371','212-555-3923',null,1000,null);
Insert into CALISMAALANI.DEMO_CUSTOMERS (CUSTOMER_ID,CUST_FIRST_NAME,CUST_LAST_NAME,CUST_STREET_ADDRESS1,CUST_STREET_ADDRESS2,CUST_CITY,CUST_STATE,CUST_POSTAL_CODE,PHONE_NUMBER1,PHONE_NUMBER2,CREDIT_LIMIT,CUST_EMAIL) values (6,'Albert','Lambert','10701 Lambert International Blvd.',null,'St. Louis','MO','63145','314-555-4022',null,1000,null);
Insert into CALISMAALANI.DEMO_CUSTOMERS (CUSTOMER_ID,CUST_FIRST_NAME,CUST_LAST_NAME,CUST_STREET_ADDRESS1,CUST_STREET_ADDRESS2,CUST_CITY,CUST_STATE,CUST_POSTAL_CODE,PHONE_NUMBER1,PHONE_NUMBER2,CREDIT_LIMIT,CUST_EMAIL) values (7,'Eugene','Bradley','Schoephoester Road',null,'Windsor Locks','CT','06096','860-555-1835',null,1000,null);
REM INSERTING into CALISMAALANI.DEMO_ORDERS
SET DEFINE OFF;
Insert into CALISMAALANI.DEMO_ORDERS (ORDER_ID,CUSTOMER_ID,ORDER_TOTAL,ORDER_TIMESTAMP,USER_ID) values (1,7,1890,to_date('23-MAY-20','DD-MON-RR'),2);
Insert into CALISMAALANI.DEMO_ORDERS (ORDER_ID,CUSTOMER_ID,ORDER_TOTAL,ORDER_TIMESTAMP,USER_ID) values (2,1,2380,to_date('20-MAY-20','DD-MON-RR'),2);
Insert into CALISMAALANI.DEMO_ORDERS (ORDER_ID,CUSTOMER_ID,ORDER_TOTAL,ORDER_TIMESTAMP,USER_ID) values (3,2,1640,to_date('14-MAY-20','DD-MON-RR'),2);
Insert into CALISMAALANI.DEMO_ORDERS (ORDER_ID,CUSTOMER_ID,ORDER_TOTAL,ORDER_TIMESTAMP,USER_ID) values (4,5,1090,to_date('06-MAY-20','DD-MON-RR'),2);
Insert into CALISMAALANI.DEMO_ORDERS (ORDER_ID,CUSTOMER_ID,ORDER_TOTAL,ORDER_TIMESTAMP,USER_ID) values (5,6,950,to_date('01-MAY-20','DD-MON-RR'),2);
Insert into CALISMAALANI.DEMO_ORDERS (ORDER_ID,CUSTOMER_ID,ORDER_TOTAL,ORDER_TIMESTAMP,USER_ID) values (6,3,1515,to_date('26-APR-20','DD-MON-RR'),2);
Insert into CALISMAALANI.DEMO_ORDERS (ORDER_ID,CUSTOMER_ID,ORDER_TOTAL,ORDER_TIMESTAMP,USER_ID) values (7,3,905,to_date('16-APR-20','DD-MON-RR'),2);
Insert into CALISMAALANI.DEMO_ORDERS (ORDER_ID,CUSTOMER_ID,ORDER_TOTAL,ORDER_TIMESTAMP,USER_ID) values (8,4,1060,to_date('14-APR-20','DD-MON-RR'),2);
Insert into CALISMAALANI.DEMO_ORDERS (ORDER_ID,CUSTOMER_ID,ORDER_TOTAL,ORDER_TIMESTAMP,USER_ID) values (9,2,730,to_date('03-APR-20','DD-MON-RR'),2);
Insert into CALISMAALANI.DEMO_ORDERS (ORDER_ID,CUSTOMER_ID,ORDER_TOTAL,ORDER_TIMESTAMP,USER_ID) values (10,7,870,to_date('20-MAR-20','DD-MON-RR'),2);
REM INSERTING into CALISMAALANI.DEMO_ORDER_ITEMS
SET DEFINE OFF;
Insert into CALISMAALANI.DEMO_ORDER_ITEMS (ORDER_ITEM_ID,ORDER_ID,PRODUCT_ID,UNIT_PRICE,QUANTITY) values (1,1,1,50,10);
Insert into CALISMAALANI.DEMO_ORDER_ITEMS (ORDER_ITEM_ID,ORDER_ID,PRODUCT_ID,UNIT_PRICE,QUANTITY) values (2,1,2,80,8);
Insert into CALISMAALANI.DEMO_ORDER_ITEMS (ORDER_ITEM_ID,ORDER_ID,PRODUCT_ID,UNIT_PRICE,QUANTITY) values (3,1,3,150,5);
Insert into CALISMAALANI.DEMO_ORDER_ITEMS (ORDER_ITEM_ID,ORDER_ID,PRODUCT_ID,UNIT_PRICE,QUANTITY) values (4,2,1,50,3);
Insert into CALISMAALANI.DEMO_ORDER_ITEMS (ORDER_ITEM_ID,ORDER_ID,PRODUCT_ID,UNIT_PRICE,QUANTITY) values (5,2,2,80,3);
Insert into CALISMAALANI.DEMO_ORDER_ITEMS (ORDER_ITEM_ID,ORDER_ID,PRODUCT_ID,UNIT_PRICE,QUANTITY) values (6,2,3,150,3);
Insert into CALISMAALANI.DEMO_ORDER_ITEMS (ORDER_ITEM_ID,ORDER_ID,PRODUCT_ID,UNIT_PRICE,QUANTITY) values (7,2,4,60,3);
Insert into CALISMAALANI.DEMO_ORDER_ITEMS (ORDER_ITEM_ID,ORDER_ID,PRODUCT_ID,UNIT_PRICE,QUANTITY) values (8,2,5,80,3);
Insert into CALISMAALANI.DEMO_ORDER_ITEMS (ORDER_ITEM_ID,ORDER_ID,PRODUCT_ID,UNIT_PRICE,QUANTITY) values (9,2,6,120,2);
Insert into CALISMAALANI.DEMO_ORDER_ITEMS (ORDER_ITEM_ID,ORDER_ID,PRODUCT_ID,UNIT_PRICE,QUANTITY) values (10,2,7,30,2);
Insert into CALISMAALANI.DEMO_ORDER_ITEMS (ORDER_ITEM_ID,ORDER_ID,PRODUCT_ID,UNIT_PRICE,QUANTITY) values (11,2,8,125,4);
Insert into CALISMAALANI.DEMO_ORDER_ITEMS (ORDER_ITEM_ID,ORDER_ID,PRODUCT_ID,UNIT_PRICE,QUANTITY) values (12,2,9,110,2);
Insert into CALISMAALANI.DEMO_ORDER_ITEMS (ORDER_ITEM_ID,ORDER_ID,PRODUCT_ID,UNIT_PRICE,QUANTITY) values (13,2,10,50,2);
Insert into CALISMAALANI.DEMO_ORDER_ITEMS (ORDER_ITEM_ID,ORDER_ID,PRODUCT_ID,UNIT_PRICE,QUANTITY) values (14,3,4,60,4);
Insert into CALISMAALANI.DEMO_ORDER_ITEMS (ORDER_ITEM_ID,ORDER_ID,PRODUCT_ID,UNIT_PRICE,QUANTITY) values (15,3,5,80,4);
Insert into CALISMAALANI.DEMO_ORDER_ITEMS (ORDER_ITEM_ID,ORDER_ID,PRODUCT_ID,UNIT_PRICE,QUANTITY) values (16,3,6,120,4);
Insert into CALISMAALANI.DEMO_ORDER_ITEMS (ORDER_ITEM_ID,ORDER_ID,PRODUCT_ID,UNIT_PRICE,QUANTITY) values (17,3,8,125,4);
Insert into CALISMAALANI.DEMO_ORDER_ITEMS (ORDER_ITEM_ID,ORDER_ID,PRODUCT_ID,UNIT_PRICE,QUANTITY) values (18,3,10,50,2);
Insert into CALISMAALANI.DEMO_ORDER_ITEMS (ORDER_ITEM_ID,ORDER_ID,PRODUCT_ID,UNIT_PRICE,QUANTITY) values (19,4,6,120,2);
Insert into CALISMAALANI.DEMO_ORDER_ITEMS (ORDER_ITEM_ID,ORDER_ID,PRODUCT_ID,UNIT_PRICE,QUANTITY) values (20,4,7,30,6);
Insert into CALISMAALANI.DEMO_ORDER_ITEMS (ORDER_ITEM_ID,ORDER_ID,PRODUCT_ID,UNIT_PRICE,QUANTITY) values (21,4,8,125,2);
Insert into CALISMAALANI.DEMO_ORDER_ITEMS (ORDER_ITEM_ID,ORDER_ID,PRODUCT_ID,UNIT_PRICE,QUANTITY) values (22,4,9,110,2);
Insert into CALISMAALANI.DEMO_ORDER_ITEMS (ORDER_ITEM_ID,ORDER_ID,PRODUCT_ID,UNIT_PRICE,QUANTITY) values (23,4,10,50,4);
Insert into CALISMAALANI.DEMO_ORDER_ITEMS (ORDER_ITEM_ID,ORDER_ID,PRODUCT_ID,UNIT_PRICE,QUANTITY) values (24,5,1,50,3);
Insert into CALISMAALANI.DEMO_ORDER_ITEMS (ORDER_ITEM_ID,ORDER_ID,PRODUCT_ID,UNIT_PRICE,QUANTITY) values (25,5,2,80,2);
Insert into CALISMAALANI.DEMO_ORDER_ITEMS (ORDER_ITEM_ID,ORDER_ID,PRODUCT_ID,UNIT_PRICE,QUANTITY) values (26,5,3,150,2);
Insert into CALISMAALANI.DEMO_ORDER_ITEMS (ORDER_ITEM_ID,ORDER_ID,PRODUCT_ID,UNIT_PRICE,QUANTITY) values (27,5,4,60,3);
Insert into CALISMAALANI.DEMO_ORDER_ITEMS (ORDER_ITEM_ID,ORDER_ID,PRODUCT_ID,UNIT_PRICE,QUANTITY) values (28,5,5,80,2);
Insert into CALISMAALANI.DEMO_ORDER_ITEMS (ORDER_ITEM_ID,ORDER_ID,PRODUCT_ID,UNIT_PRICE,QUANTITY) values (29,6,3,150,3);
Insert into CALISMAALANI.DEMO_ORDER_ITEMS (ORDER_ITEM_ID,ORDER_ID,PRODUCT_ID,UNIT_PRICE,QUANTITY) values (30,6,6,120,3);
Insert into CALISMAALANI.DEMO_ORDER_ITEMS (ORDER_ITEM_ID,ORDER_ID,PRODUCT_ID,UNIT_PRICE,QUANTITY) values (31,6,8,125,3);
Insert into CALISMAALANI.DEMO_ORDER_ITEMS (ORDER_ITEM_ID,ORDER_ID,PRODUCT_ID,UNIT_PRICE,QUANTITY) values (32,6,9,110,3);
Insert into CALISMAALANI.DEMO_ORDER_ITEMS (ORDER_ITEM_ID,ORDER_ID,PRODUCT_ID,UNIT_PRICE,QUANTITY) values (33,7,1,50,2);
Insert into CALISMAALANI.DEMO_ORDER_ITEMS (ORDER_ITEM_ID,ORDER_ID,PRODUCT_ID,UNIT_PRICE,QUANTITY) values (34,7,2,80,2);
Insert into CALISMAALANI.DEMO_ORDER_ITEMS (ORDER_ITEM_ID,ORDER_ID,PRODUCT_ID,UNIT_PRICE,QUANTITY) values (35,7,4,60,2);
Insert into CALISMAALANI.DEMO_ORDER_ITEMS (ORDER_ITEM_ID,ORDER_ID,PRODUCT_ID,UNIT_PRICE,QUANTITY) values (36,7,5,80,2);
Insert into CALISMAALANI.DEMO_ORDER_ITEMS (ORDER_ITEM_ID,ORDER_ID,PRODUCT_ID,UNIT_PRICE,QUANTITY) values (37,7,7,30,3);
Insert into CALISMAALANI.DEMO_ORDER_ITEMS (ORDER_ITEM_ID,ORDER_ID,PRODUCT_ID,UNIT_PRICE,QUANTITY) values (38,7,8,125,1);
Insert into CALISMAALANI.DEMO_ORDER_ITEMS (ORDER_ITEM_ID,ORDER_ID,PRODUCT_ID,UNIT_PRICE,QUANTITY) values (39,7,10,50,3);
Insert into CALISMAALANI.DEMO_ORDER_ITEMS (ORDER_ITEM_ID,ORDER_ID,PRODUCT_ID,UNIT_PRICE,QUANTITY) values (40,8,2,80,2);
Insert into CALISMAALANI.DEMO_ORDER_ITEMS (ORDER_ITEM_ID,ORDER_ID,PRODUCT_ID,UNIT_PRICE,QUANTITY) values (41,8,3,150,3);
Insert into CALISMAALANI.DEMO_ORDER_ITEMS (ORDER_ITEM_ID,ORDER_ID,PRODUCT_ID,UNIT_PRICE,QUANTITY) values (42,8,6,120,1);
Insert into CALISMAALANI.DEMO_ORDER_ITEMS (ORDER_ITEM_ID,ORDER_ID,PRODUCT_ID,UNIT_PRICE,QUANTITY) values (43,8,9,110,3);
Insert into CALISMAALANI.DEMO_ORDER_ITEMS (ORDER_ITEM_ID,ORDER_ID,PRODUCT_ID,UNIT_PRICE,QUANTITY) values (44,9,4,60,4);
Insert into CALISMAALANI.DEMO_ORDER_ITEMS (ORDER_ITEM_ID,ORDER_ID,PRODUCT_ID,UNIT_PRICE,QUANTITY) values (45,9,5,80,3);
Insert into CALISMAALANI.DEMO_ORDER_ITEMS (ORDER_ITEM_ID,ORDER_ID,PRODUCT_ID,UNIT_PRICE,QUANTITY) values (46,9,8,125,2);
Insert into CALISMAALANI.DEMO_ORDER_ITEMS (ORDER_ITEM_ID,ORDER_ID,PRODUCT_ID,UNIT_PRICE,QUANTITY) values (47,10,1,50,5);
Insert into CALISMAALANI.DEMO_ORDER_ITEMS (ORDER_ITEM_ID,ORDER_ID,PRODUCT_ID,UNIT_PRICE,QUANTITY) values (48,10,2,80,4);
Insert into CALISMAALANI.DEMO_ORDER_ITEMS (ORDER_ITEM_ID,ORDER_ID,PRODUCT_ID,UNIT_PRICE,QUANTITY) values (49,10,3,150,2);
REM INSERTING into CALISMAALANI.DEMO_PRODUCT_INFO
SET DEFINE OFF;
Insert into CALISMAALANI.DEMO_PRODUCT_INFO (PRODUCT_ID,PRODUCT_NAME,PRODUCT_DESCRIPTION,CATEGORY,PRODUCT_AVAIL,LIST_PRICE,MIMETYPE,FILENAME,IMAGE_LAST_UPDATE) values (1,'Business Shirt','Wrinkle-free cotton business shirt','Mens','Y',50,'image/jpeg','shirt.jpg',to_date('24-MAY-20','DD-MON-RR'));
Insert into CALISMAALANI.DEMO_PRODUCT_INFO (PRODUCT_ID,PRODUCT_NAME,PRODUCT_DESCRIPTION,CATEGORY,PRODUCT_AVAIL,LIST_PRICE,MIMETYPE,FILENAME,IMAGE_LAST_UPDATE) values (2,'Trousers','Black trousers suitable for every business man','Mens','Y',80,'image/jpeg','pants.jpg',to_date('24-MAY-20','DD-MON-RR'));
Insert into CALISMAALANI.DEMO_PRODUCT_INFO (PRODUCT_ID,PRODUCT_NAME,PRODUCT_DESCRIPTION,CATEGORY,PRODUCT_AVAIL,LIST_PRICE,MIMETYPE,FILENAME,IMAGE_LAST_UPDATE) values (3,'Jacket','Fully lined jacket which is both professional and extremely comfortable to wear','Mens','Y',150,'image/jpeg','jacket.jpg',to_date('24-MAY-20','DD-MON-RR'));
Insert into CALISMAALANI.DEMO_PRODUCT_INFO (PRODUCT_ID,PRODUCT_NAME,PRODUCT_DESCRIPTION,CATEGORY,PRODUCT_AVAIL,LIST_PRICE,MIMETYPE,FILENAME,IMAGE_LAST_UPDATE) values (4,'Blouse','Silk blouse ideal for all business women','Womens','Y',60,'image/jpeg','blouse.jpg',to_date('24-MAY-20','DD-MON-RR'));
Insert into CALISMAALANI.DEMO_PRODUCT_INFO (PRODUCT_ID,PRODUCT_NAME,PRODUCT_DESCRIPTION,CATEGORY,PRODUCT_AVAIL,LIST_PRICE,MIMETYPE,FILENAME,IMAGE_LAST_UPDATE) values (5,'Skirt','Wrinkle free skirt','Womens','Y',80,'image/jpeg','skirt.jpg',to_date('24-MAY-20','DD-MON-RR'));
Insert into CALISMAALANI.DEMO_PRODUCT_INFO (PRODUCT_ID,PRODUCT_NAME,PRODUCT_DESCRIPTION,CATEGORY,PRODUCT_AVAIL,LIST_PRICE,MIMETYPE,FILENAME,IMAGE_LAST_UPDATE) values (6,'Ladies Shoes','Low heel and cushioned interior for comfort and style in simple yet elegant shoes','Womens','Y',120,'image/jpeg','heels.jpg',to_date('24-MAY-20','DD-MON-RR'));
Insert into CALISMAALANI.DEMO_PRODUCT_INFO (PRODUCT_ID,PRODUCT_NAME,PRODUCT_DESCRIPTION,CATEGORY,PRODUCT_AVAIL,LIST_PRICE,MIMETYPE,FILENAME,IMAGE_LAST_UPDATE) values (7,'Belt','Leather belt','Accessories','Y',30,'image/jpeg','belt.jpg',to_date('24-MAY-20','DD-MON-RR'));
Insert into CALISMAALANI.DEMO_PRODUCT_INFO (PRODUCT_ID,PRODUCT_NAME,PRODUCT_DESCRIPTION,CATEGORY,PRODUCT_AVAIL,LIST_PRICE,MIMETYPE,FILENAME,IMAGE_LAST_UPDATE) values (8,'Bag','Unisex bag suitable for carrying laptops with room for many additional items','Accessories','Y',125,'image/jpeg','bag.jpg',to_date('24-MAY-20','DD-MON-RR'));
Insert into CALISMAALANI.DEMO_PRODUCT_INFO (PRODUCT_ID,PRODUCT_NAME,PRODUCT_DESCRIPTION,CATEGORY,PRODUCT_AVAIL,LIST_PRICE,MIMETYPE,FILENAME,IMAGE_LAST_UPDATE) values (9,'Mens Shoes','Leather upper and lower lace up shoes','Mens','Y',110,'image/jpeg','shoes.jpg',to_date('24-MAY-20','DD-MON-RR'));
Insert into CALISMAALANI.DEMO_PRODUCT_INFO (PRODUCT_ID,PRODUCT_NAME,PRODUCT_DESCRIPTION,CATEGORY,PRODUCT_AVAIL,LIST_PRICE,MIMETYPE,FILENAME,IMAGE_LAST_UPDATE) values (10,'Wallet','Travel wallet suitable for men and women. Several compartments for credit cards, passports and cash','Accessories','Y',50,'image/jpeg','wallet.jpg',to_date('24-MAY-20','DD-MON-RR'));
REM INSERTING into CALISMAALANI.DEMO_STATES
SET DEFINE OFF;
Insert into CALISMAALANI.DEMO_STATES (ST,STATE_NAME) values ('AK','ALASKA');
Insert into CALISMAALANI.DEMO_STATES (ST,STATE_NAME) values ('AL','ALABAMA');
Insert into CALISMAALANI.DEMO_STATES (ST,STATE_NAME) values ('AR','ARKANSAS');
Insert into CALISMAALANI.DEMO_STATES (ST,STATE_NAME) values ('AZ','ARIZONA');
Insert into CALISMAALANI.DEMO_STATES (ST,STATE_NAME) values ('CA','CALIFORNIA');
Insert into CALISMAALANI.DEMO_STATES (ST,STATE_NAME) values ('CO','COLORADO');
Insert into CALISMAALANI.DEMO_STATES (ST,STATE_NAME) values ('CT','CONNECTICUT');
Insert into CALISMAALANI.DEMO_STATES (ST,STATE_NAME) values ('DC','DISTRICT OF COLUMBIA');
Insert into CALISMAALANI.DEMO_STATES (ST,STATE_NAME) values ('DE','DELAWARE');
Insert into CALISMAALANI.DEMO_STATES (ST,STATE_NAME) values ('FL','FLORIDA');
Insert into CALISMAALANI.DEMO_STATES (ST,STATE_NAME) values ('GA','GEORGIA');
Insert into CALISMAALANI.DEMO_STATES (ST,STATE_NAME) values ('HI','HAWAII');
Insert into CALISMAALANI.DEMO_STATES (ST,STATE_NAME) values ('IA','IOWA');
Insert into CALISMAALANI.DEMO_STATES (ST,STATE_NAME) values ('ID','IDAHO');
Insert into CALISMAALANI.DEMO_STATES (ST,STATE_NAME) values ('IL','ILLINOIS');
Insert into CALISMAALANI.DEMO_STATES (ST,STATE_NAME) values ('IN','INDIANA');
Insert into CALISMAALANI.DEMO_STATES (ST,STATE_NAME) values ('KS','KANSAS');
Insert into CALISMAALANI.DEMO_STATES (ST,STATE_NAME) values ('KY','KENTUCKY');
Insert into CALISMAALANI.DEMO_STATES (ST,STATE_NAME) values ('LA','LOUISIANA');
Insert into CALISMAALANI.DEMO_STATES (ST,STATE_NAME) values ('MA','MASSACHUSETTS');
Insert into CALISMAALANI.DEMO_STATES (ST,STATE_NAME) values ('MD','MARYLAND');
Insert into CALISMAALANI.DEMO_STATES (ST,STATE_NAME) values ('ME','MAINE');
Insert into CALISMAALANI.DEMO_STATES (ST,STATE_NAME) values ('MI','MICHIGAN');
Insert into CALISMAALANI.DEMO_STATES (ST,STATE_NAME) values ('MN','MINNESOTA');
Insert into CALISMAALANI.DEMO_STATES (ST,STATE_NAME) values ('MO','MISSOURI');
Insert into CALISMAALANI.DEMO_STATES (ST,STATE_NAME) values ('MS','MISSISSIPPI');
Insert into CALISMAALANI.DEMO_STATES (ST,STATE_NAME) values ('MT','MONTANA');
Insert into CALISMAALANI.DEMO_STATES (ST,STATE_NAME) values ('NC','NORTH CAROLINA');
Insert into CALISMAALANI.DEMO_STATES (ST,STATE_NAME) values ('ND','NORTH DAKOTA');
Insert into CALISMAALANI.DEMO_STATES (ST,STATE_NAME) values ('NE','NEBRASKA');
Insert into CALISMAALANI.DEMO_STATES (ST,STATE_NAME) values ('NH','NEW HAMPSHIRE');
Insert into CALISMAALANI.DEMO_STATES (ST,STATE_NAME) values ('NJ','NEW JERSEY');
Insert into CALISMAALANI.DEMO_STATES (ST,STATE_NAME) values ('NM','NEW MEXICO');
Insert into CALISMAALANI.DEMO_STATES (ST,STATE_NAME) values ('NV','NEVADA');
Insert into CALISMAALANI.DEMO_STATES (ST,STATE_NAME) values ('NY','NEW YORK');
Insert into CALISMAALANI.DEMO_STATES (ST,STATE_NAME) values ('OH','OHIO');
Insert into CALISMAALANI.DEMO_STATES (ST,STATE_NAME) values ('OK','OKLAHOMA');
Insert into CALISMAALANI.DEMO_STATES (ST,STATE_NAME) values ('OR','OREGON');
Insert into CALISMAALANI.DEMO_STATES (ST,STATE_NAME) values ('PA','PENNSYLVANIA');
Insert into CALISMAALANI.DEMO_STATES (ST,STATE_NAME) values ('RI','RHODE ISLAND');
Insert into CALISMAALANI.DEMO_STATES (ST,STATE_NAME) values ('SC','SOUTH CAROLINA');
Insert into CALISMAALANI.DEMO_STATES (ST,STATE_NAME) values ('SD','SOUTH DAKOTA');
Insert into CALISMAALANI.DEMO_STATES (ST,STATE_NAME) values ('TN','TENNESSEE');
Insert into CALISMAALANI.DEMO_STATES (ST,STATE_NAME) values ('TX','TEXAS');
Insert into CALISMAALANI.DEMO_STATES (ST,STATE_NAME) values ('UT','UTAH');
Insert into CALISMAALANI.DEMO_STATES (ST,STATE_NAME) values ('VA','VIRGINIA');
Insert into CALISMAALANI.DEMO_STATES (ST,STATE_NAME) values ('VT','VERMONT');
Insert into CALISMAALANI.DEMO_STATES (ST,STATE_NAME) values ('WA','WASHINGTON');
Insert into CALISMAALANI.DEMO_STATES (ST,STATE_NAME) values ('WI','WISCONSIN');
Insert into CALISMAALANI.DEMO_STATES (ST,STATE_NAME) values ('WV','WEST VIRGINIA');
Insert into CALISMAALANI.DEMO_STATES (ST,STATE_NAME) values ('WY','WYOMING');
REM INSERTING into CALISMAALANI.DEMO_USERS
SET DEFINE OFF;
Insert into CALISMAALANI.DEMO_USERS (USER_ID,USER_NAME,PASSWORD,CREATED_ON,QUOTA,PRODUCTS,EXPIRES_ON,ADMIN_USER) values (1,'ADMIN','A39A97832069FD265CA47D3BBD063FD4',to_date('24-MAY-20','DD-MON-RR'),null,'Y',null,'Y');
Insert into CALISMAALANI.DEMO_USERS (USER_ID,USER_NAME,PASSWORD,CREATED_ON,QUOTA,PRODUCTS,EXPIRES_ON,ADMIN_USER) values (2,'DEMO','606548C0B85124B868F716C56E79BCF0',to_date('24-MAY-20','DD-MON-RR'),15000,'Y',null,'N');
REM INSERTING into CALISMAALANI.DEPT
SET DEFINE OFF;
Insert into CALISMAALANI.DEPT (DEPTNO,DNAME,LOC) values (10,'ACCOUNTING','NEW YORK');
Insert into CALISMAALANI.DEPT (DEPTNO,DNAME,LOC) values (20,'RESEARCH','DALLAS');
Insert into CALISMAALANI.DEPT (DEPTNO,DNAME,LOC) values (30,'SALES','CHICAGO');
Insert into CALISMAALANI.DEPT (DEPTNO,DNAME,LOC) values (40,'OPERATIONS','BOSTON');
REM INSERTING into CALISMAALANI.EMP
SET DEFINE OFF;
Insert into CALISMAALANI.EMP (EMPNO,ENAME,JOB,MGR,HIREDATE,SAL,COMM,DEPTNO) values (7839,'KING','PRESIDENT',null,to_date('17-NOV-81','DD-MON-RR'),5000,null,10);
Insert into CALISMAALANI.EMP (EMPNO,ENAME,JOB,MGR,HIREDATE,SAL,COMM,DEPTNO) values (7698,'BLAKE','MANAGER',7839,to_date('01-MAY-81','DD-MON-RR'),2850,null,30);
Insert into CALISMAALANI.EMP (EMPNO,ENAME,JOB,MGR,HIREDATE,SAL,COMM,DEPTNO) values (7782,'CLARK','MANAGER',7839,to_date('09-JUN-81','DD-MON-RR'),2450,null,10);
Insert into CALISMAALANI.EMP (EMPNO,ENAME,JOB,MGR,HIREDATE,SAL,COMM,DEPTNO) values (7566,'JONES','MANAGER',7839,to_date('02-APR-81','DD-MON-RR'),2975,null,20);
Insert into CALISMAALANI.EMP (EMPNO,ENAME,JOB,MGR,HIREDATE,SAL,COMM,DEPTNO) values (7788,'SCOTT','ANALYST',7566,to_date('09-DEC-82','DD-MON-RR'),3000,null,20);
Insert into CALISMAALANI.EMP (EMPNO,ENAME,JOB,MGR,HIREDATE,SAL,COMM,DEPTNO) values (7902,'FORD','ANALYST',7566,to_date('03-DEC-81','DD-MON-RR'),3000,null,20);
Insert into CALISMAALANI.EMP (EMPNO,ENAME,JOB,MGR,HIREDATE,SAL,COMM,DEPTNO) values (7369,'SMITH','CLERK',7902,to_date('17-DEC-80','DD-MON-RR'),800,null,20);
Insert into CALISMAALANI.EMP (EMPNO,ENAME,JOB,MGR,HIREDATE,SAL,COMM,DEPTNO) values (7499,'ALLEN','SALESMAN',7698,to_date('20-FEB-81','DD-MON-RR'),1600,300,30);
Insert into CALISMAALANI.EMP (EMPNO,ENAME,JOB,MGR,HIREDATE,SAL,COMM,DEPTNO) values (7521,'WARD','SALESMAN',7698,to_date('22-FEB-81','DD-MON-RR'),1250,500,30);
Insert into CALISMAALANI.EMP (EMPNO,ENAME,JOB,MGR,HIREDATE,SAL,COMM,DEPTNO) values (7654,'MARTIN','SALESMAN',7698,to_date('28-SEP-81','DD-MON-RR'),1250,1400,30);
Insert into CALISMAALANI.EMP (EMPNO,ENAME,JOB,MGR,HIREDATE,SAL,COMM,DEPTNO) values (7844,'TURNER','SALESMAN',7698,to_date('08-SEP-81','DD-MON-RR'),1500,0,30);
Insert into CALISMAALANI.EMP (EMPNO,ENAME,JOB,MGR,HIREDATE,SAL,COMM,DEPTNO) values (7876,'ADAMS','CLERK',7788,to_date('12-JAN-83','DD-MON-RR'),1100,null,20);
Insert into CALISMAALANI.EMP (EMPNO,ENAME,JOB,MGR,HIREDATE,SAL,COMM,DEPTNO) values (7900,'JAMES','CLERK',7698,to_date('03-DEC-81','DD-MON-RR'),950,null,30);
Insert into CALISMAALANI.EMP (EMPNO,ENAME,JOB,MGR,HIREDATE,SAL,COMM,DEPTNO) values (7934,'MILLER','CLERK',7782,to_date('23-JAN-82','DD-MON-RR'),1300,null,10);
REM INSERTING into CALISMAALANI.MODELS
SET DEFINE OFF;
Insert into CALISMAALANI.MODELS (ID,BRAND_ID,MODEL_ID,MODEL_NAME,VEHICLE_ID) values (311,34,0,'MKS ',0);
Insert into CALISMAALANI.MODELS (ID,BRAND_ID,MODEL_ID,MODEL_NAME,VEHICLE_ID) values (312,34,1,'Continental',0);
Insert into CALISMAALANI.MODELS (ID,BRAND_ID,MODEL_ID,MODEL_NAME,VEHICLE_ID) values (313,34,2,'LS',0);
Insert into CALISMAALANI.MODELS (ID,BRAND_ID,MODEL_ID,MODEL_NAME,VEHICLE_ID) values (314,34,3,'Mark',0);
Insert into CALISMAALANI.MODELS (ID,BRAND_ID,MODEL_ID,MODEL_NAME,VEHICLE_ID) values (315,34,4,'Town Car',0);
Insert into CALISMAALANI.MODELS (ID,BRAND_ID,MODEL_ID,MODEL_NAME,VEHICLE_ID) values (316,35,0,'Elise',0);
Insert into CALISMAALANI.MODELS (ID,BRAND_ID,MODEL_ID,MODEL_NAME,VEHICLE_ID) values (317,35,1,'Evora',0);
Insert into CALISMAALANI.MODELS (ID,BRAND_ID,MODEL_ID,MODEL_NAME,VEHICLE_ID) values (318,35,2,'Exige ',0);
Insert into CALISMAALANI.MODELS (ID,BRAND_ID,MODEL_ID,MODEL_NAME,VEHICLE_ID) values (319,35,3,'Elan ',0);
Insert into CALISMAALANI.MODELS (ID,BRAND_ID,MODEL_ID,MODEL_NAME,VEHICLE_ID) values (320,35,4,'Esprit',0);
Insert into CALISMAALANI.MODELS (ID,BRAND_ID,MODEL_ID,MODEL_NAME,VEHICLE_ID) values (321,36,0,'Cambiocorsa',0);
Insert into CALISMAALANI.MODELS (ID,BRAND_ID,MODEL_ID,MODEL_NAME,VEHICLE_ID) values (322,36,1,'Ghibli',0);
Insert into CALISMAALANI.MODELS (ID,BRAND_ID,MODEL_ID,MODEL_NAME,VEHICLE_ID) values (323,36,2,'GranCabrio',0);
Insert into CALISMAALANI.MODELS (ID,BRAND_ID,MODEL_ID,MODEL_NAME,VEHICLE_ID) values (324,36,3,'GranSport',0);
Insert into CALISMAALANI.MODELS (ID,BRAND_ID,MODEL_ID,MODEL_NAME,VEHICLE_ID) values (325,36,4,'GranTurismo',0);
Insert into CALISMAALANI.MODELS (ID,BRAND_ID,MODEL_ID,MODEL_NAME,VEHICLE_ID) values (326,36,5,'GT',0);
Insert into CALISMAALANI.MODELS (ID,BRAND_ID,MODEL_ID,MODEL_NAME,VEHICLE_ID) values (327,36,6,'Quattroporte',0);
Insert into CALISMAALANI.MODELS (ID,BRAND_ID,MODEL_ID,MODEL_NAME,VEHICLE_ID) values (328,37,0,'2',0);
Insert into CALISMAALANI.MODELS (ID,BRAND_ID,MODEL_ID,MODEL_NAME,VEHICLE_ID) values (329,37,1,'3',0);
Insert into CALISMAALANI.MODELS (ID,BRAND_ID,MODEL_ID,MODEL_NAME,VEHICLE_ID) values (330,37,2,'5',0);
Insert into CALISMAALANI.MODELS (ID,BRAND_ID,MODEL_ID,MODEL_NAME,VEHICLE_ID) values (331,37,3,'6',0);
Insert into CALISMAALANI.MODELS (ID,BRAND_ID,MODEL_ID,MODEL_NAME,VEHICLE_ID) values (332,37,4,'MPV',0);
Insert into CALISMAALANI.MODELS (ID,BRAND_ID,MODEL_ID,MODEL_NAME,VEHICLE_ID) values (333,37,5,'MX',0);
Insert into CALISMAALANI.MODELS (ID,BRAND_ID,MODEL_ID,MODEL_NAME,VEHICLE_ID) values (334,37,6,'Premacy',0);
Insert into CALISMAALANI.MODELS (ID,BRAND_ID,MODEL_ID,MODEL_NAME,VEHICLE_ID) values (335,37,7,'121',0);
Insert into CALISMAALANI.MODELS (ID,BRAND_ID,MODEL_ID,MODEL_NAME,VEHICLE_ID) values (336,37,8,'323',0);
Insert into CALISMAALANI.MODELS (ID,BRAND_ID,MODEL_ID,MODEL_NAME,VEHICLE_ID) values (337,37,9,'626',0);
Insert into CALISMAALANI.MODELS (ID,BRAND_ID,MODEL_ID,MODEL_NAME,VEHICLE_ID) values (338,37,10,'929',0);
Insert into CALISMAALANI.MODELS (ID,BRAND_ID,MODEL_ID,MODEL_NAME,VEHICLE_ID) values (339,37,11,'Lantis',0);
Insert into CALISMAALANI.MODELS (ID,BRAND_ID,MODEL_ID,MODEL_NAME,VEHICLE_ID) values (340,37,12,'RX',0);
Insert into CALISMAALANI.MODELS (ID,BRAND_ID,MODEL_ID,MODEL_NAME,VEHICLE_ID) values (341,37,13,'Xedos',0);
Insert into CALISMAALANI.MODELS (ID,BRAND_ID,MODEL_ID,MODEL_NAME,VEHICLE_ID) values (342,38,0,'720S',0);
Insert into CALISMAALANI.MODELS (ID,BRAND_ID,MODEL_ID,MODEL_NAME,VEHICLE_ID) values (343,39,0,'AMG GT',0);
Insert into CALISMAALANI.MODELS (ID,BRAND_ID,MODEL_ID,MODEL_NAME,VEHICLE_ID) values (344,39,1,'A Serisi',0);
Insert into CALISMAALANI.MODELS (ID,BRAND_ID,MODEL_ID,MODEL_NAME,VEHICLE_ID) values (345,39,2,'B Serisi',0);
Insert into CALISMAALANI.MODELS (ID,BRAND_ID,MODEL_ID,MODEL_NAME,VEHICLE_ID) values (346,39,3,'CL ',0);
Insert into CALISMAALANI.MODELS (ID,BRAND_ID,MODEL_ID,MODEL_NAME,VEHICLE_ID) values (347,39,4,'CLA',0);
Insert into CALISMAALANI.MODELS (ID,BRAND_ID,MODEL_ID,MODEL_NAME,VEHICLE_ID) values (348,39,5,'CLC',0);
Insert into CALISMAALANI.MODELS (ID,BRAND_ID,MODEL_ID,MODEL_NAME,VEHICLE_ID) values (349,39,6,'CLK',0);
Insert into CALISMAALANI.MODELS (ID,BRAND_ID,MODEL_ID,MODEL_NAME,VEHICLE_ID) values (350,39,7,'CLS',0);
Insert into CALISMAALANI.MODELS (ID,BRAND_ID,MODEL_ID,MODEL_NAME,VEHICLE_ID) values (351,39,8,'C Serisi ',0);
Insert into CALISMAALANI.MODELS (ID,BRAND_ID,MODEL_ID,MODEL_NAME,VEHICLE_ID) values (352,39,9,'E Serisi ',0);
Insert into CALISMAALANI.MODELS (ID,BRAND_ID,MODEL_ID,MODEL_NAME,VEHICLE_ID) values (353,39,10,'Maybach S',0);
Insert into CALISMAALANI.MODELS (ID,BRAND_ID,MODEL_ID,MODEL_NAME,VEHICLE_ID) values (354,39,11,'R Serisi ',0);
Insert into CALISMAALANI.MODELS (ID,BRAND_ID,MODEL_ID,MODEL_NAME,VEHICLE_ID) values (355,39,12,'SL ',0);
Insert into CALISMAALANI.MODELS (ID,BRAND_ID,MODEL_ID,MODEL_NAME,VEHICLE_ID) values (356,39,13,'SLC',0);
Insert into CALISMAALANI.MODELS (ID,BRAND_ID,MODEL_ID,MODEL_NAME,VEHICLE_ID) values (357,39,14,'SLK ',0);
Insert into CALISMAALANI.MODELS (ID,BRAND_ID,MODEL_ID,MODEL_NAME,VEHICLE_ID) values (358,39,15,'SLS AMG',0);
Insert into CALISMAALANI.MODELS (ID,BRAND_ID,MODEL_ID,MODEL_NAME,VEHICLE_ID) values (359,39,16,'S Serisi',0);
Insert into CALISMAALANI.MODELS (ID,BRAND_ID,MODEL_ID,MODEL_NAME,VEHICLE_ID) values (360,39,17,'190',0);
Insert into CALISMAALANI.MODELS (ID,BRAND_ID,MODEL_ID,MODEL_NAME,VEHICLE_ID) values (361,39,18,'200',0);
Insert into CALISMAALANI.MODELS (ID,BRAND_ID,MODEL_ID,MODEL_NAME,VEHICLE_ID) values (362,39,19,'220',0);
Insert into CALISMAALANI.MODELS (ID,BRAND_ID,MODEL_ID,MODEL_NAME,VEHICLE_ID) values (363,39,20,'230',0);
Insert into CALISMAALANI.MODELS (ID,BRAND_ID,MODEL_ID,MODEL_NAME,VEHICLE_ID) values (364,39,21,'240',0);
Insert into CALISMAALANI.MODELS (ID,BRAND_ID,MODEL_ID,MODEL_NAME,VEHICLE_ID) values (365,39,22,'250',0);
Insert into CALISMAALANI.MODELS (ID,BRAND_ID,MODEL_ID,MODEL_NAME,VEHICLE_ID) values (366,39,23,'260',0);
Insert into CALISMAALANI.MODELS (ID,BRAND_ID,MODEL_ID,MODEL_NAME,VEHICLE_ID) values (367,39,24,'280',0);
Insert into CALISMAALANI.MODELS (ID,BRAND_ID,MODEL_ID,MODEL_NAME,VEHICLE_ID) values (368,39,25,'300',0);
Insert into CALISMAALANI.MODELS (ID,BRAND_ID,MODEL_ID,MODEL_NAME,VEHICLE_ID) values (369,39,26,'320',0);
Insert into CALISMAALANI.MODELS (ID,BRAND_ID,MODEL_ID,MODEL_NAME,VEHICLE_ID) values (370,39,27,'380',0);
Insert into CALISMAALANI.MODELS (ID,BRAND_ID,MODEL_ID,MODEL_NAME,VEHICLE_ID) values (371,39,28,'20',0);
Insert into CALISMAALANI.MODELS (ID,BRAND_ID,MODEL_ID,MODEL_NAME,VEHICLE_ID) values (372,39,29,'500',0);
Insert into CALISMAALANI.MODELS (ID,BRAND_ID,MODEL_ID,MODEL_NAME,VEHICLE_ID) values (373,39,30,'560',0);
Insert into CALISMAALANI.MODELS (ID,BRAND_ID,MODEL_ID,MODEL_NAME,VEHICLE_ID) values (374,39,31,'600',0);
Insert into CALISMAALANI.MODELS (ID,BRAND_ID,MODEL_ID,MODEL_NAME,VEHICLE_ID) values (375,40,0,'Sable',0);
Insert into CALISMAALANI.MODELS (ID,BRAND_ID,MODEL_ID,MODEL_NAME,VEHICLE_ID) values (376,41,0,'F',0);
Insert into CALISMAALANI.MODELS (ID,BRAND_ID,MODEL_ID,MODEL_NAME,VEHICLE_ID) values (377,41,1,'ZS',0);
Insert into CALISMAALANI.MODELS (ID,BRAND_ID,MODEL_ID,MODEL_NAME,VEHICLE_ID) values (378,42,0,'Cooper ',0);
Insert into CALISMAALANI.MODELS (ID,BRAND_ID,MODEL_ID,MODEL_NAME,VEHICLE_ID) values (379,42,1,'Cooper Clubman ',0);
Insert into CALISMAALANI.MODELS (ID,BRAND_ID,MODEL_ID,MODEL_NAME,VEHICLE_ID) values (380,42,2,'John Cooper',0);
Insert into CALISMAALANI.MODELS (ID,BRAND_ID,MODEL_ID,MODEL_NAME,VEHICLE_ID) values (381,42,3,'One ',0);
Insert into CALISMAALANI.MODELS (ID,BRAND_ID,MODEL_ID,MODEL_NAME,VEHICLE_ID) values (382,42,4,'Cooper S',0);
Insert into CALISMAALANI.MODELS (ID,BRAND_ID,MODEL_ID,MODEL_NAME,VEHICLE_ID) values (383,43,0,'Attrage',0);
Insert into CALISMAALANI.MODELS (ID,BRAND_ID,MODEL_ID,MODEL_NAME,VEHICLE_ID) values (384,43,1,'Colt',0);
Insert into CALISMAALANI.MODELS (ID,BRAND_ID,MODEL_ID,MODEL_NAME,VEHICLE_ID) values (385,43,2,'Galant ',0);
Insert into CALISMAALANI.MODELS (ID,BRAND_ID,MODEL_ID,MODEL_NAME,VEHICLE_ID) values (386,43,3,'Lance',0);
Insert into CALISMAALANI.MODELS (ID,BRAND_ID,MODEL_ID,MODEL_NAME,VEHICLE_ID) values (387,43,4,'Lancer Evolution',0);
Insert into CALISMAALANI.MODELS (ID,BRAND_ID,MODEL_ID,MODEL_NAME,VEHICLE_ID) values (388,43,5,'3000GT',0);
Insert into CALISMAALANI.MODELS (ID,BRAND_ID,MODEL_ID,MODEL_NAME,VEHICLE_ID) values (389,43,6,'Carisma',0);
Insert into CALISMAALANI.MODELS (ID,BRAND_ID,MODEL_ID,MODEL_NAME,VEHICLE_ID) values (390,43,7,'Eclipse',0);
Insert into CALISMAALANI.MODELS (ID,BRAND_ID,MODEL_ID,MODEL_NAME,VEHICLE_ID) values (391,43,8,'Grandis ',0);
Insert into CALISMAALANI.MODELS (ID,BRAND_ID,MODEL_ID,MODEL_NAME,VEHICLE_ID) values (392,43,9,'Space Star',0);
Insert into CALISMAALANI.MODELS (ID,BRAND_ID,MODEL_ID,MODEL_NAME,VEHICLE_ID) values (393,44,0,'4/4',0);
Insert into CALISMAALANI.MODELS (ID,BRAND_ID,MODEL_ID,MODEL_NAME,VEHICLE_ID) values (395,46,0,'200 SX',0);
Insert into CALISMAALANI.MODELS (ID,BRAND_ID,MODEL_ID,MODEL_NAME,VEHICLE_ID) values (396,46,1,'350 Z',0);
Insert into CALISMAALANI.MODELS (ID,BRAND_ID,MODEL_ID,MODEL_NAME,VEHICLE_ID) values (397,46,2,'Almera ',0);
Insert into CALISMAALANI.MODELS (ID,BRAND_ID,MODEL_ID,MODEL_NAME,VEHICLE_ID) values (398,46,3,'Altima',0);
Insert into CALISMAALANI.MODELS (ID,BRAND_ID,MODEL_ID,MODEL_NAME,VEHICLE_ID) values (399,46,4,'Bluebird',0);
Insert into CALISMAALANI.MODELS (ID,BRAND_ID,MODEL_ID,MODEL_NAME,VEHICLE_ID) values (400,46,5,'Cefiro',0);
Insert into CALISMAALANI.MODELS (ID,BRAND_ID,MODEL_ID,MODEL_NAME,VEHICLE_ID) values (401,46,6,'GT-R',0);
Insert into CALISMAALANI.MODELS (ID,BRAND_ID,MODEL_ID,MODEL_NAME,VEHICLE_ID) values (402,46,7,'Laurel Altima',0);
Insert into CALISMAALANI.MODELS (ID,BRAND_ID,MODEL_ID,MODEL_NAME,VEHICLE_ID) values (403,46,8,'Maxima',0);
Insert into CALISMAALANI.MODELS (ID,BRAND_ID,MODEL_ID,MODEL_NAME,VEHICLE_ID) values (404,46,9,'Micra ',0);
Insert into CALISMAALANI.MODELS (ID,BRAND_ID,MODEL_ID,MODEL_NAME,VEHICLE_ID) values (405,46,10,'Note',0);
Insert into CALISMAALANI.MODELS (ID,BRAND_ID,MODEL_ID,MODEL_NAME,VEHICLE_ID) values (406,46,11,'NX Coupe',0);
Insert into CALISMAALANI.MODELS (ID,BRAND_ID,MODEL_ID,MODEL_NAME,VEHICLE_ID) values (407,46,12,'Primera ',0);
Insert into CALISMAALANI.MODELS (ID,BRAND_ID,MODEL_ID,MODEL_NAME,VEHICLE_ID) values (408,46,13,'Pulsar',0);
Insert into CALISMAALANI.MODELS (ID,BRAND_ID,MODEL_ID,MODEL_NAME,VEHICLE_ID) values (409,46,14,'Sunny',0);
Insert into CALISMAALANI.MODELS (ID,BRAND_ID,MODEL_ID,MODEL_NAME,VEHICLE_ID) values (410,46,15,'Teana',0);
Insert into CALISMAALANI.MODELS (ID,BRAND_ID,MODEL_ID,MODEL_NAME,VEHICLE_ID) values (411,47,0,'Adam',0);
Insert into CALISMAALANI.MODELS (ID,BRAND_ID,MODEL_ID,MODEL_NAME,VEHICLE_ID) values (412,47,1,'Agila',0);
Insert into CALISMAALANI.MODELS (ID,BRAND_ID,MODEL_ID,MODEL_NAME,VEHICLE_ID) values (413,47,2,'Ascona',0);
Insert into CALISMAALANI.MODELS (ID,BRAND_ID,MODEL_ID,MODEL_NAME,VEHICLE_ID) values (414,47,3,'Astra',0);
Insert into CALISMAALANI.MODELS (ID,BRAND_ID,MODEL_ID,MODEL_NAME,VEHICLE_ID) values (415,47,4,'Calibra',0);
Insert into CALISMAALANI.MODELS (ID,BRAND_ID,MODEL_ID,MODEL_NAME,VEHICLE_ID) values (416,47,5,'Cascada',0);
Insert into CALISMAALANI.MODELS (ID,BRAND_ID,MODEL_ID,MODEL_NAME,VEHICLE_ID) values (417,47,6,'Corsa',0);
Insert into CALISMAALANI.MODELS (ID,BRAND_ID,MODEL_ID,MODEL_NAME,VEHICLE_ID) values (418,47,7,'Insignia',0);
Insert into CALISMAALANI.MODELS (ID,BRAND_ID,MODEL_ID,MODEL_NAME,VEHICLE_ID) values (419,47,8,'Kadett',0);
Insert into CALISMAALANI.MODELS (ID,BRAND_ID,MODEL_ID,MODEL_NAME,VEHICLE_ID) values (420,47,9,'Manta',0);
Insert into CALISMAALANI.MODELS (ID,BRAND_ID,MODEL_ID,MODEL_NAME,VEHICLE_ID) values (421,47,10,'Meriva',0);
Insert into CALISMAALANI.MODELS (ID,BRAND_ID,MODEL_ID,MODEL_NAME,VEHICLE_ID) values (422,47,11,'Omega',0);
Insert into CALISMAALANI.MODELS (ID,BRAND_ID,MODEL_ID,MODEL_NAME,VEHICLE_ID) values (423,47,12,'Rekord',0);
Insert into CALISMAALANI.MODELS (ID,BRAND_ID,MODEL_ID,MODEL_NAME,VEHICLE_ID) values (424,47,13,'Senator',0);
Insert into CALISMAALANI.MODELS (ID,BRAND_ID,MODEL_ID,MODEL_NAME,VEHICLE_ID) values (425,47,14,'Signum',0);
Insert into CALISMAALANI.MODELS (ID,BRAND_ID,MODEL_ID,MODEL_NAME,VEHICLE_ID) values (426,47,15,'Tigra ',0);
Insert into CALISMAALANI.MODELS (ID,BRAND_ID,MODEL_ID,MODEL_NAME,VEHICLE_ID) values (427,47,16,'Vectra',0);
Insert into CALISMAALANI.MODELS (ID,BRAND_ID,MODEL_ID,MODEL_NAME,VEHICLE_ID) values (428,47,17,'Zafira',0);
Insert into CALISMAALANI.MODELS (ID,BRAND_ID,MODEL_ID,MODEL_NAME,VEHICLE_ID) values (429,48,0,'106',0);
Insert into CALISMAALANI.MODELS (ID,BRAND_ID,MODEL_ID,MODEL_NAME,VEHICLE_ID) values (430,48,1,'107',0);
Insert into CALISMAALANI.MODELS (ID,BRAND_ID,MODEL_ID,MODEL_NAME,VEHICLE_ID) values (431,48,2,'205',0);
Insert into CALISMAALANI.MODELS (ID,BRAND_ID,MODEL_ID,MODEL_NAME,VEHICLE_ID) values (432,48,3,'206',0);
Insert into CALISMAALANI.MODELS (ID,BRAND_ID,MODEL_ID,MODEL_NAME,VEHICLE_ID) values (433,48,4,'206 +',0);
Insert into CALISMAALANI.MODELS (ID,BRAND_ID,MODEL_ID,MODEL_NAME,VEHICLE_ID) values (434,48,5,'207',0);
Insert into CALISMAALANI.MODELS (ID,BRAND_ID,MODEL_ID,MODEL_NAME,VEHICLE_ID) values (435,48,6,'208',0);
Insert into CALISMAALANI.MODELS (ID,BRAND_ID,MODEL_ID,MODEL_NAME,VEHICLE_ID) values (436,48,7,'301',0);
Insert into CALISMAALANI.MODELS (ID,BRAND_ID,MODEL_ID,MODEL_NAME,VEHICLE_ID) values (437,48,8,'305',0);
Insert into CALISMAALANI.MODELS (ID,BRAND_ID,MODEL_ID,MODEL_NAME,VEHICLE_ID) values (438,48,9,'306',0);
Insert into CALISMAALANI.MODELS (ID,BRAND_ID,MODEL_ID,MODEL_NAME,VEHICLE_ID) values (439,48,10,'307',0);
Insert into CALISMAALANI.MODELS (ID,BRAND_ID,MODEL_ID,MODEL_NAME,VEHICLE_ID) values (440,48,11,'308',0);
Insert into CALISMAALANI.MODELS (ID,BRAND_ID,MODEL_ID,MODEL_NAME,VEHICLE_ID) values (441,48,12,'405',0);
Insert into CALISMAALANI.MODELS (ID,BRAND_ID,MODEL_ID,MODEL_NAME,VEHICLE_ID) values (442,48,13,'406',0);
Insert into CALISMAALANI.MODELS (ID,BRAND_ID,MODEL_ID,MODEL_NAME,VEHICLE_ID) values (443,48,14,'407',0);
Insert into CALISMAALANI.MODELS (ID,BRAND_ID,MODEL_ID,MODEL_NAME,VEHICLE_ID) values (444,48,15,'508',0);
Insert into CALISMAALANI.MODELS (ID,BRAND_ID,MODEL_ID,MODEL_NAME,VEHICLE_ID) values (445,48,16,'605',0);
Insert into CALISMAALANI.MODELS (ID,BRAND_ID,MODEL_ID,MODEL_NAME,VEHICLE_ID) values (446,48,17,'607',0);
Insert into CALISMAALANI.MODELS (ID,BRAND_ID,MODEL_ID,MODEL_NAME,VEHICLE_ID) values (447,48,18,'807',0);
Insert into CALISMAALANI.MODELS (ID,BRAND_ID,MODEL_ID,MODEL_NAME,VEHICLE_ID) values (448,48,19,'RCZ',0);
Insert into CALISMAALANI.MODELS (ID,BRAND_ID,MODEL_ID,MODEL_NAME,VEHICLE_ID) values (449,48,20,'1007',0);
Insert into CALISMAALANI.MODELS (ID,BRAND_ID,MODEL_ID,MODEL_NAME,VEHICLE_ID) values (394,45,0,'Moskwitsch',0);
Insert into CALISMAALANI.MODELS (ID,BRAND_ID,MODEL_ID,MODEL_NAME,VEHICLE_ID) values (450,49,0,'Breeze',0);
Insert into CALISMAALANI.MODELS (ID,BRAND_ID,MODEL_ID,MODEL_NAME,VEHICLE_ID) values (451,49,1,'Laser',0);
Insert into CALISMAALANI.MODELS (ID,BRAND_ID,MODEL_ID,MODEL_NAME,VEHICLE_ID) values (452,49,2,'Road Runner',0);
Insert into CALISMAALANI.MODELS (ID,BRAND_ID,MODEL_ID,MODEL_NAME,VEHICLE_ID) values (453,50,0,'Firebird',0);
Insert into CALISMAALANI.MODELS (ID,BRAND_ID,MODEL_ID,MODEL_NAME,VEHICLE_ID) values (454,50,1,'Sunbird',0);
Insert into CALISMAALANI.MODELS (ID,BRAND_ID,MODEL_ID,MODEL_NAME,VEHICLE_ID) values (455,51,0,'718',0);
Insert into CALISMAALANI.MODELS (ID,BRAND_ID,MODEL_ID,MODEL_NAME,VEHICLE_ID) values (456,51,1,'911',0);
Insert into CALISMAALANI.MODELS (ID,BRAND_ID,MODEL_ID,MODEL_NAME,VEHICLE_ID) values (457,51,2,'928',0);
Insert into CALISMAALANI.MODELS (ID,BRAND_ID,MODEL_ID,MODEL_NAME,VEHICLE_ID) values (458,51,3,'944',0);
Insert into CALISMAALANI.MODELS (ID,BRAND_ID,MODEL_ID,MODEL_NAME,VEHICLE_ID) values (459,51,4,'Boxster ',0);
Insert into CALISMAALANI.MODELS (ID,BRAND_ID,MODEL_ID,MODEL_NAME,VEHICLE_ID) values (460,51,5,'Cayman ',0);
Insert into CALISMAALANI.MODELS (ID,BRAND_ID,MODEL_ID,MODEL_NAME,VEHICLE_ID) values (461,51,6,'Panamera',0);
Insert into CALISMAALANI.MODELS (ID,BRAND_ID,MODEL_ID,MODEL_NAME,VEHICLE_ID) values (462,51,7,'Taycan',0);
Insert into CALISMAALANI.MODELS (ID,BRAND_ID,MODEL_ID,MODEL_NAME,VEHICLE_ID) values (463,52,0,'Gen-2',0);
Insert into CALISMAALANI.MODELS (ID,BRAND_ID,MODEL_ID,MODEL_NAME,VEHICLE_ID) values (464,52,1,'Savvy',0);
Insert into CALISMAALANI.MODELS (ID,BRAND_ID,MODEL_ID,MODEL_NAME,VEHICLE_ID) values (465,52,2,'Waja',0);
Insert into CALISMAALANI.MODELS (ID,BRAND_ID,MODEL_ID,MODEL_NAME,VEHICLE_ID) values (466,52,3,'218',0);
Insert into CALISMAALANI.MODELS (ID,BRAND_ID,MODEL_ID,MODEL_NAME,VEHICLE_ID) values (467,52,4,'315',0);
Insert into CALISMAALANI.MODELS (ID,BRAND_ID,MODEL_ID,MODEL_NAME,VEHICLE_ID) values (468,52,5,'413',0);
Insert into CALISMAALANI.MODELS (ID,BRAND_ID,MODEL_ID,MODEL_NAME,VEHICLE_ID) values (469,52,6,'415',0);
Insert into CALISMAALANI.MODELS (ID,BRAND_ID,MODEL_ID,MODEL_NAME,VEHICLE_ID) values (470,52,7,'416',0);
Insert into CALISMAALANI.MODELS (ID,BRAND_ID,MODEL_ID,MODEL_NAME,VEHICLE_ID) values (471,52,8,'418',0);
Insert into CALISMAALANI.MODELS (ID,BRAND_ID,MODEL_ID,MODEL_NAME,VEHICLE_ID) values (472,52,9,'420',0);
Insert into CALISMAALANI.MODELS (ID,BRAND_ID,MODEL_ID,MODEL_NAME,VEHICLE_ID) values (473,52,10,'Persona',0);
Insert into CALISMAALANI.MODELS (ID,BRAND_ID,MODEL_ID,MODEL_NAME,VEHICLE_ID) values (474,53,0,'Clio',0);
Insert into CALISMAALANI.MODELS (ID,BRAND_ID,MODEL_ID,MODEL_NAME,VEHICLE_ID) values (475,53,1,'Espace',0);
Insert into CALISMAALANI.MODELS (ID,BRAND_ID,MODEL_ID,MODEL_NAME,VEHICLE_ID) values (476,53,2,'Fluence',0);
Insert into CALISMAALANI.MODELS (ID,BRAND_ID,MODEL_ID,MODEL_NAME,VEHICLE_ID) values (477,53,3,'Fluence Z.E. ',0);
Insert into CALISMAALANI.MODELS (ID,BRAND_ID,MODEL_ID,MODEL_NAME,VEHICLE_ID) values (478,53,4,'Grand Scenic',0);
Insert into CALISMAALANI.MODELS (ID,BRAND_ID,MODEL_ID,MODEL_NAME,VEHICLE_ID) values (479,53,5,'Laguna',0);
Insert into CALISMAALANI.MODELS (ID,BRAND_ID,MODEL_ID,MODEL_NAME,VEHICLE_ID) values (480,53,6,'Latitude',0);
Insert into CALISMAALANI.MODELS (ID,BRAND_ID,MODEL_ID,MODEL_NAME,VEHICLE_ID) values (481,53,7,'Megane',0);
Insert into CALISMAALANI.MODELS (ID,BRAND_ID,MODEL_ID,MODEL_NAME,VEHICLE_ID) values (482,53,8,'Modus',0);
Insert into CALISMAALANI.MODELS (ID,BRAND_ID,MODEL_ID,MODEL_NAME,VEHICLE_ID) values (483,53,9,'Safrane ',0);
Insert into CALISMAALANI.MODELS (ID,BRAND_ID,MODEL_ID,MODEL_NAME,VEHICLE_ID) values (484,53,10,'Scenic',0);
Insert into CALISMAALANI.MODELS (ID,BRAND_ID,MODEL_ID,MODEL_NAME,VEHICLE_ID) values (485,53,11,'Symbol',0);
Insert into CALISMAALANI.MODELS (ID,BRAND_ID,MODEL_ID,MODEL_NAME,VEHICLE_ID) values (486,53,12,'Talisman',0);
Insert into CALISMAALANI.MODELS (ID,BRAND_ID,MODEL_ID,MODEL_NAME,VEHICLE_ID) values (487,53,13,'Twingo',0);
Insert into CALISMAALANI.MODELS (ID,BRAND_ID,MODEL_ID,MODEL_NAME,VEHICLE_ID) values (488,53,14,'Twizy',0);
Insert into CALISMAALANI.MODELS (ID,BRAND_ID,MODEL_ID,MODEL_NAME,VEHICLE_ID) values (489,53,15,'Vel Satis',0);
Insert into CALISMAALANI.MODELS (ID,BRAND_ID,MODEL_ID,MODEL_NAME,VEHICLE_ID) values (490,53,16,'ZOE',0);
Insert into CALISMAALANI.MODELS (ID,BRAND_ID,MODEL_ID,MODEL_NAME,VEHICLE_ID) values (491,53,17,'R 5',0);
Insert into CALISMAALANI.MODELS (ID,BRAND_ID,MODEL_ID,MODEL_NAME,VEHICLE_ID) values (492,53,18,'R 9 ',0);
Insert into CALISMAALANI.MODELS (ID,BRAND_ID,MODEL_ID,MODEL_NAME,VEHICLE_ID) values (493,53,19,'R 11',0);
Insert into CALISMAALANI.MODELS (ID,BRAND_ID,MODEL_ID,MODEL_NAME,VEHICLE_ID) values (494,53,20,'R 12 ',0);
Insert into CALISMAALANI.MODELS (ID,BRAND_ID,MODEL_ID,MODEL_NAME,VEHICLE_ID) values (495,53,21,'R 19',0);
Insert into CALISMAALANI.MODELS (ID,BRAND_ID,MODEL_ID,MODEL_NAME,VEHICLE_ID) values (496,53,22,'R 21',0);
Insert into CALISMAALANI.MODELS (ID,BRAND_ID,MODEL_ID,MODEL_NAME,VEHICLE_ID) values (497,53,23,'R 25',0);
Insert into CALISMAALANI.MODELS (ID,BRAND_ID,MODEL_ID,MODEL_NAME,VEHICLE_ID) values (498,54,0,'Ghost ',0);
Insert into CALISMAALANI.MODELS (ID,BRAND_ID,MODEL_ID,MODEL_NAME,VEHICLE_ID) values (499,54,1,'Phantom',0);
Insert into CALISMAALANI.MODELS (ID,BRAND_ID,MODEL_ID,MODEL_NAME,VEHICLE_ID) values (500,54,2,'Wraith',0);
Insert into CALISMAALANI.MODELS (ID,BRAND_ID,MODEL_ID,MODEL_NAME,VEHICLE_ID) values (501,54,3,'Park Ward',0);
Insert into CALISMAALANI.MODELS (ID,BRAND_ID,MODEL_ID,MODEL_NAME,VEHICLE_ID) values (502,54,4,'Silver',0);
Insert into CALISMAALANI.MODELS (ID,BRAND_ID,MODEL_ID,MODEL_NAME,VEHICLE_ID) values (503,55,0,'25',0);
Insert into CALISMAALANI.MODELS (ID,BRAND_ID,MODEL_ID,MODEL_NAME,VEHICLE_ID) values (504,55,1,'45',0);
Insert into CALISMAALANI.MODELS (ID,BRAND_ID,MODEL_ID,MODEL_NAME,VEHICLE_ID) values (505,55,2,'75',0);
Insert into CALISMAALANI.MODELS (ID,BRAND_ID,MODEL_ID,MODEL_NAME,VEHICLE_ID) values (506,55,3,'200',0);
Insert into CALISMAALANI.MODELS (ID,BRAND_ID,MODEL_ID,MODEL_NAME,VEHICLE_ID) values (507,55,4,'214',0);
Insert into CALISMAALANI.MODELS (ID,BRAND_ID,MODEL_ID,MODEL_NAME,VEHICLE_ID) values (508,55,5,'216',0);
Insert into CALISMAALANI.MODELS (ID,BRAND_ID,MODEL_ID,MODEL_NAME,VEHICLE_ID) values (509,55,6,'218',0);
Insert into CALISMAALANI.MODELS (ID,BRAND_ID,MODEL_ID,MODEL_NAME,VEHICLE_ID) values (510,55,7,'220',0);
Insert into CALISMAALANI.MODELS (ID,BRAND_ID,MODEL_ID,MODEL_NAME,VEHICLE_ID) values (511,55,8,'400',0);
Insert into CALISMAALANI.MODELS (ID,BRAND_ID,MODEL_ID,MODEL_NAME,VEHICLE_ID) values (512,55,9,'414',0);
Insert into CALISMAALANI.MODELS (ID,BRAND_ID,MODEL_ID,MODEL_NAME,VEHICLE_ID) values (513,55,10,'416',0);
Insert into CALISMAALANI.MODELS (ID,BRAND_ID,MODEL_ID,MODEL_NAME,VEHICLE_ID) values (514,55,11,'420',0);
Insert into CALISMAALANI.MODELS (ID,BRAND_ID,MODEL_ID,MODEL_NAME,VEHICLE_ID) values (515,55,12,'620',0);
Insert into CALISMAALANI.MODELS (ID,BRAND_ID,MODEL_ID,MODEL_NAME,VEHICLE_ID) values (516,55,13,'623',0);
Insert into CALISMAALANI.MODELS (ID,BRAND_ID,MODEL_ID,MODEL_NAME,VEHICLE_ID) values (517,55,14,'820',0);
Insert into CALISMAALANI.MODELS (ID,BRAND_ID,MODEL_ID,MODEL_NAME,VEHICLE_ID) values (518,55,15,'Streetwise',0);
Insert into CALISMAALANI.MODELS (ID,BRAND_ID,MODEL_ID,MODEL_NAME,VEHICLE_ID) values (519,56,0,'9-3',0);
Insert into CALISMAALANI.MODELS (ID,BRAND_ID,MODEL_ID,MODEL_NAME,VEHICLE_ID) values (520,56,1,'9-5',0);
Insert into CALISMAALANI.MODELS (ID,BRAND_ID,MODEL_ID,MODEL_NAME,VEHICLE_ID) values (521,56,2,'900',0);
Insert into CALISMAALANI.MODELS (ID,BRAND_ID,MODEL_ID,MODEL_NAME,VEHICLE_ID) values (522,56,3,'9000',0);
Insert into CALISMAALANI.MODELS (ID,BRAND_ID,MODEL_ID,MODEL_NAME,VEHICLE_ID) values (523,57,0,'Alhambra',0);
Insert into CALISMAALANI.MODELS (ID,BRAND_ID,MODEL_ID,MODEL_NAME,VEHICLE_ID) values (524,57,1,'Altea',0);
Insert into CALISMAALANI.MODELS (ID,BRAND_ID,MODEL_ID,MODEL_NAME,VEHICLE_ID) values (525,57,2,'Arosa',0);
Insert into CALISMAALANI.MODELS (ID,BRAND_ID,MODEL_ID,MODEL_NAME,VEHICLE_ID) values (526,57,3,'Cordoba',0);
Insert into CALISMAALANI.MODELS (ID,BRAND_ID,MODEL_ID,MODEL_NAME,VEHICLE_ID) values (527,57,4,'Exeo',0);
Insert into CALISMAALANI.MODELS (ID,BRAND_ID,MODEL_ID,MODEL_NAME,VEHICLE_ID) values (528,57,5,'Ibiza',0);
Insert into CALISMAALANI.MODELS (ID,BRAND_ID,MODEL_ID,MODEL_NAME,VEHICLE_ID) values (529,57,6,'Leon',0);
Insert into CALISMAALANI.MODELS (ID,BRAND_ID,MODEL_ID,MODEL_NAME,VEHICLE_ID) values (530,57,7,'Marbella',0);
Insert into CALISMAALANI.MODELS (ID,BRAND_ID,MODEL_ID,MODEL_NAME,VEHICLE_ID) values (531,57,8,'Toledo',0);
Insert into CALISMAALANI.MODELS (ID,BRAND_ID,MODEL_ID,MODEL_NAME,VEHICLE_ID) values (532,58,0,'Citigo',0);
Insert into CALISMAALANI.MODELS (ID,BRAND_ID,MODEL_ID,MODEL_NAME,VEHICLE_ID) values (533,58,1,'Fabia ',0);
Insert into CALISMAALANI.MODELS (ID,BRAND_ID,MODEL_ID,MODEL_NAME,VEHICLE_ID) values (534,58,2,'Favorit',0);
Insert into CALISMAALANI.MODELS (ID,BRAND_ID,MODEL_ID,MODEL_NAME,VEHICLE_ID) values (535,58,3,'Felicia',0);
Insert into CALISMAALANI.MODELS (ID,BRAND_ID,MODEL_ID,MODEL_NAME,VEHICLE_ID) values (536,58,4,'Forman',0);
Insert into CALISMAALANI.MODELS (ID,BRAND_ID,MODEL_ID,MODEL_NAME,VEHICLE_ID) values (537,58,5,'Octavia',0);
Insert into CALISMAALANI.MODELS (ID,BRAND_ID,MODEL_ID,MODEL_NAME,VEHICLE_ID) values (538,58,6,'Rapid',0);
Insert into CALISMAALANI.MODELS (ID,BRAND_ID,MODEL_ID,MODEL_NAME,VEHICLE_ID) values (539,58,7,'Roomster',0);
Insert into CALISMAALANI.MODELS (ID,BRAND_ID,MODEL_ID,MODEL_NAME,VEHICLE_ID) values (540,58,8,'Superb',0);
Insert into CALISMAALANI.MODELS (ID,BRAND_ID,MODEL_ID,MODEL_NAME,VEHICLE_ID) values (541,59,0,'Fortwo',0);
Insert into CALISMAALANI.MODELS (ID,BRAND_ID,MODEL_ID,MODEL_NAME,VEHICLE_ID) values (542,59,1,'Forfour',0);
Insert into CALISMAALANI.MODELS (ID,BRAND_ID,MODEL_ID,MODEL_NAME,VEHICLE_ID) values (543,59,2,'Roadster ',0);
Insert into CALISMAALANI.MODELS (ID,BRAND_ID,MODEL_ID,MODEL_NAME,VEHICLE_ID) values (544,60,0,'BRZ',0);
Insert into CALISMAALANI.MODELS (ID,BRAND_ID,MODEL_ID,MODEL_NAME,VEHICLE_ID) values (545,60,1,'Impreza',0);
Insert into CALISMAALANI.MODELS (ID,BRAND_ID,MODEL_ID,MODEL_NAME,VEHICLE_ID) values (546,60,2,'Legacy ',0);
Insert into CALISMAALANI.MODELS (ID,BRAND_ID,MODEL_ID,MODEL_NAME,VEHICLE_ID) values (547,60,3,'Levorg ',0);
Insert into CALISMAALANI.MODELS (ID,BRAND_ID,MODEL_ID,MODEL_NAME,VEHICLE_ID) values (548,60,4,'Justy',0);
Insert into CALISMAALANI.MODELS (ID,BRAND_ID,MODEL_ID,MODEL_NAME,VEHICLE_ID) values (549,60,5,'Vivio',0);
Insert into CALISMAALANI.MODELS (ID,BRAND_ID,MODEL_ID,MODEL_NAME,VEHICLE_ID) values (550,61,0,'Alto',0);
Insert into CALISMAALANI.MODELS (ID,BRAND_ID,MODEL_ID,MODEL_NAME,VEHICLE_ID) values (551,61,1,'Baleno ',0);
Insert into CALISMAALANI.MODELS (ID,BRAND_ID,MODEL_ID,MODEL_NAME,VEHICLE_ID) values (552,61,2,'S-Cross',0);
Insert into CALISMAALANI.MODELS (ID,BRAND_ID,MODEL_ID,MODEL_NAME,VEHICLE_ID) values (553,61,3,'Splash',0);
Insert into CALISMAALANI.MODELS (ID,BRAND_ID,MODEL_ID,MODEL_NAME,VEHICLE_ID) values (554,61,4,'Swift',0);
Insert into CALISMAALANI.MODELS (ID,BRAND_ID,MODEL_ID,MODEL_NAME,VEHICLE_ID) values (555,61,5,'SX4 ',0);
Insert into CALISMAALANI.MODELS (ID,BRAND_ID,MODEL_ID,MODEL_NAME,VEHICLE_ID) values (556,61,6,'Ignis',0);
Insert into CALISMAALANI.MODELS (ID,BRAND_ID,MODEL_ID,MODEL_NAME,VEHICLE_ID) values (557,61,7,'Liana',0);
Insert into CALISMAALANI.MODELS (ID,BRAND_ID,MODEL_ID,MODEL_NAME,VEHICLE_ID) values (558,61,8,'Maruti',0);
Insert into CALISMAALANI.MODELS (ID,BRAND_ID,MODEL_ID,MODEL_NAME,VEHICLE_ID) values (559,62,0,'Indica',0);
Insert into CALISMAALANI.MODELS (ID,BRAND_ID,MODEL_ID,MODEL_NAME,VEHICLE_ID) values (560,62,1,'Indigo',0);
Insert into CALISMAALANI.MODELS (ID,BRAND_ID,MODEL_ID,MODEL_NAME,VEHICLE_ID) values (561,62,2,'Marina',0);
Insert into CALISMAALANI.MODELS (ID,BRAND_ID,MODEL_ID,MODEL_NAME,VEHICLE_ID) values (562,62,3,'Vista',0);
Insert into CALISMAALANI.MODELS (ID,BRAND_ID,MODEL_ID,MODEL_NAME,VEHICLE_ID) values (563,62,4,'Manza',0);
Insert into CALISMAALANI.MODELS (ID,BRAND_ID,MODEL_ID,MODEL_NAME,VEHICLE_ID) values (564,63,0,'Model 3',0);
Insert into CALISMAALANI.MODELS (ID,BRAND_ID,MODEL_ID,MODEL_NAME,VEHICLE_ID) values (565,63,1,'Model S ',0);
Insert into CALISMAALANI.MODELS (ID,BRAND_ID,MODEL_ID,MODEL_NAME,VEHICLE_ID) values (566,63,2,'Model X',0);
Insert into CALISMAALANI.MODELS (ID,BRAND_ID,MODEL_ID,MODEL_NAME,VEHICLE_ID) values (567,64,0,'Do?an',0);
Insert into CALISMAALANI.MODELS (ID,BRAND_ID,MODEL_ID,MODEL_NAME,VEHICLE_ID) values (568,64,1,'Kartal',0);
Insert into CALISMAALANI.MODELS (ID,BRAND_ID,MODEL_ID,MODEL_NAME,VEHICLE_ID) values (569,64,2,'Murat ',0);
Insert into CALISMAALANI.MODELS (ID,BRAND_ID,MODEL_ID,MODEL_NAME,VEHICLE_ID) values (570,64,3,'Serçe',0);
Insert into CALISMAALANI.MODELS (ID,BRAND_ID,MODEL_ID,MODEL_NAME,VEHICLE_ID) values (571,64,4,'?ahin',0);
Insert into CALISMAALANI.MODELS (ID,BRAND_ID,MODEL_ID,MODEL_NAME,VEHICLE_ID) values (572,65,0,'Auris',0);
Insert into CALISMAALANI.MODELS (ID,BRAND_ID,MODEL_ID,MODEL_NAME,VEHICLE_ID) values (573,65,1,'Avensis',0);
Insert into CALISMAALANI.MODELS (ID,BRAND_ID,MODEL_ID,MODEL_NAME,VEHICLE_ID) values (574,65,2,'Camry',0);
Insert into CALISMAALANI.MODELS (ID,BRAND_ID,MODEL_ID,MODEL_NAME,VEHICLE_ID) values (575,65,3,'Carina',0);
Insert into CALISMAALANI.MODELS (ID,BRAND_ID,MODEL_ID,MODEL_NAME,VEHICLE_ID) values (576,65,4,'Celica',0);
Insert into CALISMAALANI.MODELS (ID,BRAND_ID,MODEL_ID,MODEL_NAME,VEHICLE_ID) values (577,65,5,'Corolla',0);
Insert into CALISMAALANI.MODELS (ID,BRAND_ID,MODEL_ID,MODEL_NAME,VEHICLE_ID) values (578,65,6,'Corona',0);
Insert into CALISMAALANI.MODELS (ID,BRAND_ID,MODEL_ID,MODEL_NAME,VEHICLE_ID) values (579,65,7,'Cressida',0);
Insert into CALISMAALANI.MODELS (ID,BRAND_ID,MODEL_ID,MODEL_NAME,VEHICLE_ID) values (580,65,8,'Crown',0);
Insert into CALISMAALANI.MODELS (ID,BRAND_ID,MODEL_ID,MODEL_NAME,VEHICLE_ID) values (581,65,9,'GT86',0);
Insert into CALISMAALANI.MODELS (ID,BRAND_ID,MODEL_ID,MODEL_NAME,VEHICLE_ID) values (582,65,10,'Picnic',0);
Insert into CALISMAALANI.MODELS (ID,BRAND_ID,MODEL_ID,MODEL_NAME,VEHICLE_ID) values (583,65,11,'Previa ',0);
Insert into CALISMAALANI.MODELS (ID,BRAND_ID,MODEL_ID,MODEL_NAME,VEHICLE_ID) values (584,65,12,'Prius',0);
Insert into CALISMAALANI.MODELS (ID,BRAND_ID,MODEL_ID,MODEL_NAME,VEHICLE_ID) values (585,65,13,'Starlet',0);
Insert into CALISMAALANI.MODELS (ID,BRAND_ID,MODEL_ID,MODEL_NAME,VEHICLE_ID) values (586,65,14,'Supra',0);
Insert into CALISMAALANI.MODELS (ID,BRAND_ID,MODEL_ID,MODEL_NAME,VEHICLE_ID) values (587,65,15,'Urban Cruiser',0);
Insert into CALISMAALANI.MODELS (ID,BRAND_ID,MODEL_ID,MODEL_NAME,VEHICLE_ID) values (588,65,16,'Verso ',0);
Insert into CALISMAALANI.MODELS (ID,BRAND_ID,MODEL_ID,MODEL_NAME,VEHICLE_ID) values (589,65,17,'Yaris ',0);
Insert into CALISMAALANI.MODELS (ID,BRAND_ID,MODEL_ID,MODEL_NAME,VEHICLE_ID) values (590,66,0,'Arteon',0);
Insert into CALISMAALANI.MODELS (ID,BRAND_ID,MODEL_ID,MODEL_NAME,VEHICLE_ID) values (591,66,1,'Beetle',0);
Insert into CALISMAALANI.MODELS (ID,BRAND_ID,MODEL_ID,MODEL_NAME,VEHICLE_ID) values (592,66,2,'Bora',0);
Insert into CALISMAALANI.MODELS (ID,BRAND_ID,MODEL_ID,MODEL_NAME,VEHICLE_ID) values (593,66,3,'EOS',0);
Insert into CALISMAALANI.MODELS (ID,BRAND_ID,MODEL_ID,MODEL_NAME,VEHICLE_ID) values (594,66,4,'Golf',0);
Insert into CALISMAALANI.MODELS (ID,BRAND_ID,MODEL_ID,MODEL_NAME,VEHICLE_ID) values (595,66,5,'Jetta',0);
Insert into CALISMAALANI.MODELS (ID,BRAND_ID,MODEL_ID,MODEL_NAME,VEHICLE_ID) values (596,66,6,'Lupo',0);
Insert into CALISMAALANI.MODELS (ID,BRAND_ID,MODEL_ID,MODEL_NAME,VEHICLE_ID) values (597,66,7,'Passat',0);
Insert into CALISMAALANI.MODELS (ID,BRAND_ID,MODEL_ID,MODEL_NAME,VEHICLE_ID) values (598,66,8,'Passat Variant',0);
Insert into CALISMAALANI.MODELS (ID,BRAND_ID,MODEL_ID,MODEL_NAME,VEHICLE_ID) values (599,66,9,'Phaeton',0);
Insert into CALISMAALANI.MODELS (ID,BRAND_ID,MODEL_ID,MODEL_NAME,VEHICLE_ID) values (600,66,10,'Polo',0);
Insert into CALISMAALANI.MODELS (ID,BRAND_ID,MODEL_ID,MODEL_NAME,VEHICLE_ID) values (601,66,11,'Scirocco',0);
Insert into CALISMAALANI.MODELS (ID,BRAND_ID,MODEL_ID,MODEL_NAME,VEHICLE_ID) values (602,66,12,'Sharan',0);
Insert into CALISMAALANI.MODELS (ID,BRAND_ID,MODEL_ID,MODEL_NAME,VEHICLE_ID) values (603,66,13,'Touran',0);
Insert into CALISMAALANI.MODELS (ID,BRAND_ID,MODEL_ID,MODEL_NAME,VEHICLE_ID) values (604,66,14,'Vento ',0);
Insert into CALISMAALANI.MODELS (ID,BRAND_ID,MODEL_ID,MODEL_NAME,VEHICLE_ID) values (605,66,15,'VW CC',0);
Insert into CALISMAALANI.MODELS (ID,BRAND_ID,MODEL_ID,MODEL_NAME,VEHICLE_ID) values (606,67,0,'C30',0);
Insert into CALISMAALANI.MODELS (ID,BRAND_ID,MODEL_ID,MODEL_NAME,VEHICLE_ID) values (607,67,1,'C70',0);
Insert into CALISMAALANI.MODELS (ID,BRAND_ID,MODEL_ID,MODEL_NAME,VEHICLE_ID) values (608,67,2,'S40',0);
Insert into CALISMAALANI.MODELS (ID,BRAND_ID,MODEL_ID,MODEL_NAME,VEHICLE_ID) values (609,67,3,'S60',0);
Insert into CALISMAALANI.MODELS (ID,BRAND_ID,MODEL_ID,MODEL_NAME,VEHICLE_ID) values (610,67,4,'S70',0);
Insert into CALISMAALANI.MODELS (ID,BRAND_ID,MODEL_ID,MODEL_NAME,VEHICLE_ID) values (611,67,5,'S80',0);
Insert into CALISMAALANI.MODELS (ID,BRAND_ID,MODEL_ID,MODEL_NAME,VEHICLE_ID) values (612,67,6,'S90',0);
Insert into CALISMAALANI.MODELS (ID,BRAND_ID,MODEL_ID,MODEL_NAME,VEHICLE_ID) values (613,67,7,'V40 ',0);
Insert into CALISMAALANI.MODELS (ID,BRAND_ID,MODEL_ID,MODEL_NAME,VEHICLE_ID) values (614,67,8,'V40 Cross Country',0);
Insert into CALISMAALANI.MODELS (ID,BRAND_ID,MODEL_ID,MODEL_NAME,VEHICLE_ID) values (615,67,9,'V50',0);
Insert into CALISMAALANI.MODELS (ID,BRAND_ID,MODEL_ID,MODEL_NAME,VEHICLE_ID) values (616,67,10,'V60',0);
Insert into CALISMAALANI.MODELS (ID,BRAND_ID,MODEL_ID,MODEL_NAME,VEHICLE_ID) values (617,67,11,'V60 Cross Country',0);
Insert into CALISMAALANI.MODELS (ID,BRAND_ID,MODEL_ID,MODEL_NAME,VEHICLE_ID) values (618,67,12,'V70',0);
Insert into CALISMAALANI.MODELS (ID,BRAND_ID,MODEL_ID,MODEL_NAME,VEHICLE_ID) values (619,67,13,'V90',0);
Insert into CALISMAALANI.MODELS (ID,BRAND_ID,MODEL_ID,MODEL_NAME,VEHICLE_ID) values (620,67,14,'V90 Cross Country',0);
Insert into CALISMAALANI.MODELS (ID,BRAND_ID,MODEL_ID,MODEL_NAME,VEHICLE_ID) values (621,67,15,'240 ',0);
Insert into CALISMAALANI.MODELS (ID,BRAND_ID,MODEL_ID,MODEL_NAME,VEHICLE_ID) values (622,67,16,'340',0);
Insert into CALISMAALANI.MODELS (ID,BRAND_ID,MODEL_ID,MODEL_NAME,VEHICLE_ID) values (623,67,17,'440',0);
Insert into CALISMAALANI.MODELS (ID,BRAND_ID,MODEL_ID,MODEL_NAME,VEHICLE_ID) values (624,67,18,'460',0);
Insert into CALISMAALANI.MODELS (ID,BRAND_ID,MODEL_ID,MODEL_NAME,VEHICLE_ID) values (625,67,19,'480',0);
Insert into CALISMAALANI.MODELS (ID,BRAND_ID,MODEL_ID,MODEL_NAME,VEHICLE_ID) values (626,67,20,'740',0);
Insert into CALISMAALANI.MODELS (ID,BRAND_ID,MODEL_ID,MODEL_NAME,VEHICLE_ID) values (627,67,21,'850',0);
Insert into CALISMAALANI.MODELS (ID,BRAND_ID,MODEL_ID,MODEL_NAME,VEHICLE_ID) values (628,67,22,'940',0);
Insert into CALISMAALANI.MODELS (ID,BRAND_ID,MODEL_ID,MODEL_NAME,VEHICLE_ID) values (629,67,23,'960',0);
Insert into CALISMAALANI.MODELS (ID,BRAND_ID,MODEL_ID,MODEL_NAME,VEHICLE_ID) values (630,0,0,'MDX',1);
Insert into CALISMAALANI.MODELS (ID,BRAND_ID,MODEL_ID,MODEL_NAME,VEHICLE_ID) values (631,1,0,'Stelvio',1);
Insert into CALISMAALANI.MODELS (ID,BRAND_ID,MODEL_ID,MODEL_NAME,VEHICLE_ID) values (632,2,0,'E-Tron',1);
Insert into CALISMAALANI.MODELS (ID,BRAND_ID,MODEL_ID,MODEL_NAME,VEHICLE_ID) values (633,2,1,'Q2',1);
Insert into CALISMAALANI.MODELS (ID,BRAND_ID,MODEL_ID,MODEL_NAME,VEHICLE_ID) values (634,2,2,'Q3',1);
Insert into CALISMAALANI.MODELS (ID,BRAND_ID,MODEL_ID,MODEL_NAME,VEHICLE_ID) values (635,2,3,'Q5',1);
Insert into CALISMAALANI.MODELS (ID,BRAND_ID,MODEL_ID,MODEL_NAME,VEHICLE_ID) values (636,2,4,'Q7',1);
Insert into CALISMAALANI.MODELS (ID,BRAND_ID,MODEL_ID,MODEL_NAME,VEHICLE_ID) values (637,2,5,'Q8',1);
Insert into CALISMAALANI.MODELS (ID,BRAND_ID,MODEL_ID,MODEL_NAME,VEHICLE_ID) values (638,2,6,'RS Q8',1);
Insert into CALISMAALANI.MODELS (ID,BRAND_ID,MODEL_ID,MODEL_NAME,VEHICLE_ID) values (639,3,0,'Bentayga',1);
Insert into CALISMAALANI.MODELS (ID,BRAND_ID,MODEL_ID,MODEL_NAME,VEHICLE_ID) values (640,4,0,'X1',1);
Insert into CALISMAALANI.MODELS (ID,BRAND_ID,MODEL_ID,MODEL_NAME,VEHICLE_ID) values (641,4,1,'X2',1);
Insert into CALISMAALANI.MODELS (ID,BRAND_ID,MODEL_ID,MODEL_NAME,VEHICLE_ID) values (642,4,2,'X3',1);
Insert into CALISMAALANI.MODELS (ID,BRAND_ID,MODEL_ID,MODEL_NAME,VEHICLE_ID) values (643,4,3,'X4',1);
Insert into CALISMAALANI.MODELS (ID,BRAND_ID,MODEL_ID,MODEL_NAME,VEHICLE_ID) values (644,4,4,'X5',1);
Insert into CALISMAALANI.MODELS (ID,BRAND_ID,MODEL_ID,MODEL_NAME,VEHICLE_ID) values (645,4,5,'X6',1);
Insert into CALISMAALANI.MODELS (ID,BRAND_ID,MODEL_ID,MODEL_NAME,VEHICLE_ID) values (646,5,0,'Escalade',1);
Insert into CALISMAALANI.MODELS (ID,BRAND_ID,MODEL_ID,MODEL_NAME,VEHICLE_ID) values (647,5,1,'SRX',1);
Insert into CALISMAALANI.MODELS (ID,BRAND_ID,MODEL_ID,MODEL_NAME,VEHICLE_ID) values (648,6,0,'Tiggo',1);
Insert into CALISMAALANI.MODELS (ID,BRAND_ID,MODEL_ID,MODEL_NAME,VEHICLE_ID) values (649,7,0,'Avalanche',1);
Insert into CALISMAALANI.MODELS (ID,BRAND_ID,MODEL_ID,MODEL_NAME,VEHICLE_ID) values (650,7,1,'Blazer',1);
Insert into CALISMAALANI.MODELS (ID,BRAND_ID,MODEL_ID,MODEL_NAME,VEHICLE_ID) values (651,7,2,'Captiva',1);
Insert into CALISMAALANI.MODELS (ID,BRAND_ID,MODEL_ID,MODEL_NAME,VEHICLE_ID) values (652,7,3,'Equinox',1);
Insert into CALISMAALANI.MODELS (ID,BRAND_ID,MODEL_ID,MODEL_NAME,VEHICLE_ID) values (653,7,4,'Silverado ',1);
Insert into CALISMAALANI.MODELS (ID,BRAND_ID,MODEL_ID,MODEL_NAME,VEHICLE_ID) values (654,7,5,'Suburban',1);
Insert into CALISMAALANI.MODELS (ID,BRAND_ID,MODEL_ID,MODEL_NAME,VEHICLE_ID) values (655,7,6,'Tahoe ',1);
Insert into CALISMAALANI.MODELS (ID,BRAND_ID,MODEL_ID,MODEL_NAME,VEHICLE_ID) values (656,7,7,'Trax',1);
Insert into CALISMAALANI.MODELS (ID,BRAND_ID,MODEL_ID,MODEL_NAME,VEHICLE_ID) values (657,8,0,'Pacifica',1);
Insert into CALISMAALANI.MODELS (ID,BRAND_ID,MODEL_ID,MODEL_NAME,VEHICLE_ID) values (658,9,0,'C3 AirCross',1);
Insert into CALISMAALANI.MODELS (ID,BRAND_ID,MODEL_ID,MODEL_NAME,VEHICLE_ID) values (659,9,1,'C4 Cactus ',1);
Insert into CALISMAALANI.MODELS (ID,BRAND_ID,MODEL_ID,MODEL_NAME,VEHICLE_ID) values (660,9,2,'C5 AirCross ',1);
Insert into CALISMAALANI.MODELS (ID,BRAND_ID,MODEL_ID,MODEL_NAME,VEHICLE_ID) values (661,10,0,'Duster',1);
Insert into CALISMAALANI.MODELS (ID,BRAND_ID,MODEL_ID,MODEL_NAME,VEHICLE_ID) values (662,11,0,'Korando',1);
Insert into CALISMAALANI.MODELS (ID,BRAND_ID,MODEL_ID,MODEL_NAME,VEHICLE_ID) values (663,11,1,'Musso',1);
Insert into CALISMAALANI.MODELS (ID,BRAND_ID,MODEL_ID,MODEL_NAME,VEHICLE_ID) values (664,12,0,'Feroza',1);
Insert into CALISMAALANI.MODELS (ID,BRAND_ID,MODEL_ID,MODEL_NAME,VEHICLE_ID) values (665,12,1,'Terios',1);
Insert into CALISMAALANI.MODELS (ID,BRAND_ID,MODEL_ID,MODEL_NAME,VEHICLE_ID) values (666,13,0,'Rich',1);
Insert into CALISMAALANI.MODELS (ID,BRAND_ID,MODEL_ID,MODEL_NAME,VEHICLE_ID) values (667,14,0,'Durango',1);
Insert into CALISMAALANI.MODELS (ID,BRAND_ID,MODEL_ID,MODEL_NAME,VEHICLE_ID) values (668,14,1,'Journey',1);
Insert into CALISMAALANI.MODELS (ID,BRAND_ID,MODEL_ID,MODEL_NAME,VEHICLE_ID) values (669,14,2,'Ram',1);
Insert into CALISMAALANI.MODELS (ID,BRAND_ID,MODEL_ID,MODEL_NAME,VEHICLE_ID) values (670,14,3,'Caliber',1);
Insert into CALISMAALANI.MODELS (ID,BRAND_ID,MODEL_ID,MODEL_NAME,VEHICLE_ID) values (671,14,4,'Nitro ',1);
Insert into CALISMAALANI.MODELS (ID,BRAND_ID,MODEL_ID,MODEL_NAME,VEHICLE_ID) values (672,15,0,'DS3 Crossback ',1);
Insert into CALISMAALANI.MODELS (ID,BRAND_ID,MODEL_ID,MODEL_NAME,VEHICLE_ID) values (673,15,1,'DS7 Crossback ',1);
Insert into CALISMAALANI.MODELS (ID,BRAND_ID,MODEL_ID,MODEL_NAME,VEHICLE_ID) values (674,16,0,'500 X',1);
Insert into CALISMAALANI.MODELS (ID,BRAND_ID,MODEL_ID,MODEL_NAME,VEHICLE_ID) values (675,16,1,'Fullback',1);
Insert into CALISMAALANI.MODELS (ID,BRAND_ID,MODEL_ID,MODEL_NAME,VEHICLE_ID) values (676,16,2,'Freemont ',1);
Insert into CALISMAALANI.MODELS (ID,BRAND_ID,MODEL_ID,MODEL_NAME,VEHICLE_ID) values (677,17,0,'EcoSport ',1);
Insert into CALISMAALANI.MODELS (ID,BRAND_ID,MODEL_ID,MODEL_NAME,VEHICLE_ID) values (678,17,1,'Edge',1);
Insert into CALISMAALANI.MODELS (ID,BRAND_ID,MODEL_ID,MODEL_NAME,VEHICLE_ID) values (679,17,2,'Expedition',1);
Insert into CALISMAALANI.MODELS (ID,BRAND_ID,MODEL_ID,MODEL_NAME,VEHICLE_ID) values (680,17,3,'Explorer',1);
Insert into CALISMAALANI.MODELS (ID,BRAND_ID,MODEL_ID,MODEL_NAME,VEHICLE_ID) values (681,17,4,'F',1);
Insert into CALISMAALANI.MODELS (ID,BRAND_ID,MODEL_ID,MODEL_NAME,VEHICLE_ID) values (682,17,5,'Flex',1);
Insert into CALISMAALANI.MODELS (ID,BRAND_ID,MODEL_ID,MODEL_NAME,VEHICLE_ID) values (683,17,6,'Kuga',1);
Insert into CALISMAALANI.MODELS (ID,BRAND_ID,MODEL_ID,MODEL_NAME,VEHICLE_ID) values (684,17,7,'Ranger',1);
Insert into CALISMAALANI.MODELS (ID,BRAND_ID,MODEL_ID,MODEL_NAME,VEHICLE_ID) values (685,17,8,'Ranger Raptor',1);
Insert into CALISMAALANI.MODELS (ID,BRAND_ID,MODEL_ID,MODEL_NAME,VEHICLE_ID) values (686,17,9,'Escape',1);
Insert into CALISMAALANI.MODELS (ID,BRAND_ID,MODEL_ID,MODEL_NAME,VEHICLE_ID) values (687,18,0,'Envoy',1);
Insert into CALISMAALANI.MODELS (ID,BRAND_ID,MODEL_ID,MODEL_NAME,VEHICLE_ID) values (688,18,1,'Sierra',1);
Insert into CALISMAALANI.MODELS (ID,BRAND_ID,MODEL_ID,MODEL_NAME,VEHICLE_ID) values (689,18,2,'Typhoon',1);
Insert into CALISMAALANI.MODELS (ID,BRAND_ID,MODEL_ID,MODEL_NAME,VEHICLE_ID) values (690,18,3,'Yukon',1);
Insert into CALISMAALANI.MODELS (ID,BRAND_ID,MODEL_ID,MODEL_NAME,VEHICLE_ID) values (691,19,0,'S7',1);
Insert into CALISMAALANI.MODELS (ID,BRAND_ID,MODEL_ID,MODEL_NAME,VEHICLE_ID) values (692,20,0,'CR-V',1);
Insert into CALISMAALANI.MODELS (ID,BRAND_ID,MODEL_ID,MODEL_NAME,VEHICLE_ID) values (693,20,1,'HR-V',1);
Insert into CALISMAALANI.MODELS (ID,BRAND_ID,MODEL_ID,MODEL_NAME,VEHICLE_ID) values (694,21,0,'H Serisi',1);
Insert into CALISMAALANI.MODELS (ID,BRAND_ID,MODEL_ID,MODEL_NAME,VEHICLE_ID) values (695,22,0,'ix35 ',1);
Insert into CALISMAALANI.MODELS (ID,BRAND_ID,MODEL_ID,MODEL_NAME,VEHICLE_ID) values (696,22,1,'ix55 ',1);
Insert into CALISMAALANI.MODELS (ID,BRAND_ID,MODEL_ID,MODEL_NAME,VEHICLE_ID) values (697,22,2,'Kona',1);
Insert into CALISMAALANI.MODELS (ID,BRAND_ID,MODEL_ID,MODEL_NAME,VEHICLE_ID) values (698,22,3,'Santa Fe ',1);
Insert into CALISMAALANI.MODELS (ID,BRAND_ID,MODEL_ID,MODEL_NAME,VEHICLE_ID) values (699,22,4,'Tucson',1);
Insert into CALISMAALANI.MODELS (ID,BRAND_ID,MODEL_ID,MODEL_NAME,VEHICLE_ID) values (700,22,5,'Galloper',1);
Insert into CALISMAALANI.MODELS (ID,BRAND_ID,MODEL_ID,MODEL_NAME,VEHICLE_ID) values (701,22,6,'Terracan',1);
Insert into CALISMAALANI.MODELS (ID,BRAND_ID,MODEL_ID,MODEL_NAME,VEHICLE_ID) values (702,23,0,'FX',1);
Insert into CALISMAALANI.MODELS (ID,BRAND_ID,MODEL_ID,MODEL_NAME,VEHICLE_ID) values (703,23,1,'QX',1);
Insert into CALISMAALANI.MODELS (ID,BRAND_ID,MODEL_ID,MODEL_NAME,VEHICLE_ID) values (704,24,0,'D-Max',1);
Insert into CALISMAALANI.MODELS (ID,BRAND_ID,MODEL_ID,MODEL_NAME,VEHICLE_ID) values (705,24,1,'Trooper',1);
Insert into CALISMAALANI.MODELS (ID,BRAND_ID,MODEL_ID,MODEL_NAME,VEHICLE_ID) values (706,25,0,'E-Pace',1);
Insert into CALISMAALANI.MODELS (ID,BRAND_ID,MODEL_ID,MODEL_NAME,VEHICLE_ID) values (707,25,1,'F-Pace',1);
Insert into CALISMAALANI.MODELS (ID,BRAND_ID,MODEL_ID,MODEL_NAME,VEHICLE_ID) values (708,25,2,'I-Pace',1);
Insert into CALISMAALANI.MODELS (ID,BRAND_ID,MODEL_ID,MODEL_NAME,VEHICLE_ID) values (709,26,0,'Cherokee',1);
Insert into CALISMAALANI.MODELS (ID,BRAND_ID,MODEL_ID,MODEL_NAME,VEHICLE_ID) values (710,26,1,'Commander',1);
Insert into CALISMAALANI.MODELS (ID,BRAND_ID,MODEL_ID,MODEL_NAME,VEHICLE_ID) values (711,26,2,'Compass',1);
Insert into CALISMAALANI.MODELS (ID,BRAND_ID,MODEL_ID,MODEL_NAME,VEHICLE_ID) values (712,26,3,'Grand Cherokee',1);
Insert into CALISMAALANI.MODELS (ID,BRAND_ID,MODEL_ID,MODEL_NAME,VEHICLE_ID) values (713,26,4,'Patriot',1);
Insert into CALISMAALANI.MODELS (ID,BRAND_ID,MODEL_ID,MODEL_NAME,VEHICLE_ID) values (714,26,5,'Renegade ',1);
Insert into CALISMAALANI.MODELS (ID,BRAND_ID,MODEL_ID,MODEL_NAME,VEHICLE_ID) values (715,26,6,'Wrangler',1);
Insert into CALISMAALANI.MODELS (ID,BRAND_ID,MODEL_ID,MODEL_NAME,VEHICLE_ID) values (716,26,7,'CJ',1);
Insert into CALISMAALANI.MODELS (ID,BRAND_ID,MODEL_ID,MODEL_NAME,VEHICLE_ID) values (717,27,0,'Niro',1);
Insert into CALISMAALANI.MODELS (ID,BRAND_ID,MODEL_ID,MODEL_NAME,VEHICLE_ID) values (718,27,1,'Sorento',1);
Insert into CALISMAALANI.MODELS (ID,BRAND_ID,MODEL_ID,MODEL_NAME,VEHICLE_ID) values (719,27,2,'Soul',1);
Insert into CALISMAALANI.MODELS (ID,BRAND_ID,MODEL_ID,MODEL_NAME,VEHICLE_ID) values (720,27,3,'Sportage',1);
Insert into CALISMAALANI.MODELS (ID,BRAND_ID,MODEL_ID,MODEL_NAME,VEHICLE_ID) values (721,27,4,'Stonic',1);
Insert into CALISMAALANI.MODELS (ID,BRAND_ID,MODEL_ID,MODEL_NAME,VEHICLE_ID) values (722,27,5,'XCeed ',1);
Insert into CALISMAALANI.MODELS (ID,BRAND_ID,MODEL_ID,MODEL_NAME,VEHICLE_ID) values (723,27,6,'Retona',1);
Insert into CALISMAALANI.MODELS (ID,BRAND_ID,MODEL_ID,MODEL_NAME,VEHICLE_ID) values (724,28,0,'Niva',1);
Insert into CALISMAALANI.MODELS (ID,BRAND_ID,MODEL_ID,MODEL_NAME,VEHICLE_ID) values (725,29,0,'Urus',1);
Insert into CALISMAALANI.MODELS (ID,BRAND_ID,MODEL_ID,MODEL_NAME,VEHICLE_ID) values (726,30,0,'Defender',1);
Insert into CALISMAALANI.MODELS (ID,BRAND_ID,MODEL_ID,MODEL_NAME,VEHICLE_ID) values (727,30,1,'Discovery',1);
Insert into CALISMAALANI.MODELS (ID,BRAND_ID,MODEL_ID,MODEL_NAME,VEHICLE_ID) values (728,30,2,'Discovery Sport ',1);
Insert into CALISMAALANI.MODELS (ID,BRAND_ID,MODEL_ID,MODEL_NAME,VEHICLE_ID) values (729,30,3,'Range Rover ',1);
Insert into CALISMAALANI.MODELS (ID,BRAND_ID,MODEL_ID,MODEL_NAME,VEHICLE_ID) values (730,30,4,'Range Rover Evoque',1);
Insert into CALISMAALANI.MODELS (ID,BRAND_ID,MODEL_ID,MODEL_NAME,VEHICLE_ID) values (731,30,5,'Range Rover Sport',1);
Insert into CALISMAALANI.MODELS (ID,BRAND_ID,MODEL_ID,MODEL_NAME,VEHICLE_ID) values (732,30,6,'Range Rover Velar',1);
Insert into CALISMAALANI.MODELS (ID,BRAND_ID,MODEL_ID,MODEL_NAME,VEHICLE_ID) values (733,30,7,'Freelander',1);
Insert into CALISMAALANI.MODELS (ID,BRAND_ID,MODEL_ID,MODEL_NAME,VEHICLE_ID) values (734,31,0,'LX',1);
Insert into CALISMAALANI.MODELS (ID,BRAND_ID,MODEL_ID,MODEL_NAME,VEHICLE_ID) values (735,31,1,'NX',1);
Insert into CALISMAALANI.MODELS (ID,BRAND_ID,MODEL_ID,MODEL_NAME,VEHICLE_ID) values (736,31,2,'RX',1);
Insert into CALISMAALANI.MODELS (ID,BRAND_ID,MODEL_ID,MODEL_NAME,VEHICLE_ID) values (737,32,0,'Aviator',1);
Insert into CALISMAALANI.MODELS (ID,BRAND_ID,MODEL_ID,MODEL_NAME,VEHICLE_ID) values (738,32,1,'MKT',1);
Insert into CALISMAALANI.MODELS (ID,BRAND_ID,MODEL_ID,MODEL_NAME,VEHICLE_ID) values (739,32,2,'Navigator ',1);
Insert into CALISMAALANI.MODELS (ID,BRAND_ID,MODEL_ID,MODEL_NAME,VEHICLE_ID) values (740,33,0,'Goa',1);
Insert into CALISMAALANI.MODELS (ID,BRAND_ID,MODEL_ID,MODEL_NAME,VEHICLE_ID) values (741,33,1,'Pick-up',1);
Insert into CALISMAALANI.MODELS (ID,BRAND_ID,MODEL_ID,MODEL_NAME,VEHICLE_ID) values (742,34,0,'Levante',1);
Insert into CALISMAALANI.MODELS (ID,BRAND_ID,MODEL_ID,MODEL_NAME,VEHICLE_ID) values (743,35,0,'CX-3 ',1);
Insert into CALISMAALANI.MODELS (ID,BRAND_ID,MODEL_ID,MODEL_NAME,VEHICLE_ID) values (744,35,1,'CX-5',1);
Insert into CALISMAALANI.MODELS (ID,BRAND_ID,MODEL_ID,MODEL_NAME,VEHICLE_ID) values (745,35,2,'CX-9 ',1);
Insert into CALISMAALANI.MODELS (ID,BRAND_ID,MODEL_ID,MODEL_NAME,VEHICLE_ID) values (746,35,3,'B Serisi',1);
Insert into CALISMAALANI.MODELS (ID,BRAND_ID,MODEL_ID,MODEL_NAME,VEHICLE_ID) values (747,36,0,'EQC',1);
Insert into CALISMAALANI.MODELS (ID,BRAND_ID,MODEL_ID,MODEL_NAME,VEHICLE_ID) values (748,36,1,'GL',1);
Insert into CALISMAALANI.MODELS (ID,BRAND_ID,MODEL_ID,MODEL_NAME,VEHICLE_ID) values (749,36,2,'GLA',1);
Insert into CALISMAALANI.MODELS (ID,BRAND_ID,MODEL_ID,MODEL_NAME,VEHICLE_ID) values (750,36,3,'GLB',1);
Insert into CALISMAALANI.MODELS (ID,BRAND_ID,MODEL_ID,MODEL_NAME,VEHICLE_ID) values (751,36,4,'GLC',1);
Insert into CALISMAALANI.MODELS (ID,BRAND_ID,MODEL_ID,MODEL_NAME,VEHICLE_ID) values (752,36,5,'GLE',1);
Insert into CALISMAALANI.MODELS (ID,BRAND_ID,MODEL_ID,MODEL_NAME,VEHICLE_ID) values (753,36,6,'GLK',1);
Insert into CALISMAALANI.MODELS (ID,BRAND_ID,MODEL_ID,MODEL_NAME,VEHICLE_ID) values (754,36,7,'GLS',1);
Insert into CALISMAALANI.MODELS (ID,BRAND_ID,MODEL_ID,MODEL_NAME,VEHICLE_ID) values (755,36,8,'G Serisi',1);
Insert into CALISMAALANI.MODELS (ID,BRAND_ID,MODEL_ID,MODEL_NAME,VEHICLE_ID) values (756,36,9,'ML',1);
Insert into CALISMAALANI.MODELS (ID,BRAND_ID,MODEL_ID,MODEL_NAME,VEHICLE_ID) values (757,36,10,'X ',1);
Insert into CALISMAALANI.MODELS (ID,BRAND_ID,MODEL_ID,MODEL_NAME,VEHICLE_ID) values (758,37,0,'Mountaineer',1);
Insert into CALISMAALANI.MODELS (ID,BRAND_ID,MODEL_ID,MODEL_NAME,VEHICLE_ID) values (759,38,0,'Cooper Countryman',1);
Insert into CALISMAALANI.MODELS (ID,BRAND_ID,MODEL_ID,MODEL_NAME,VEHICLE_ID) values (760,39,0,'ASX ',1);
Insert into CALISMAALANI.MODELS (ID,BRAND_ID,MODEL_ID,MODEL_NAME,VEHICLE_ID) values (761,39,1,'Eclipse Cross',1);
Insert into CALISMAALANI.MODELS (ID,BRAND_ID,MODEL_ID,MODEL_NAME,VEHICLE_ID) values (762,39,2,'L 200',1);
Insert into CALISMAALANI.MODELS (ID,BRAND_ID,MODEL_ID,MODEL_NAME,VEHICLE_ID) values (763,39,3,'Outlander',1);
Insert into CALISMAALANI.MODELS (ID,BRAND_ID,MODEL_ID,MODEL_NAME,VEHICLE_ID) values (764,39,4,'Pajero',1);
Insert into CALISMAALANI.MODELS (ID,BRAND_ID,MODEL_ID,MODEL_NAME,VEHICLE_ID) values (765,40,0,'Juke ',1);
Insert into CALISMAALANI.MODELS (ID,BRAND_ID,MODEL_ID,MODEL_NAME,VEHICLE_ID) values (766,40,1,'Navara',1);
Insert into CALISMAALANI.MODELS (ID,BRAND_ID,MODEL_ID,MODEL_NAME,VEHICLE_ID) values (767,40,2,'Pathfinder',1);
Insert into CALISMAALANI.MODELS (ID,BRAND_ID,MODEL_ID,MODEL_NAME,VEHICLE_ID) values (768,40,3,'Patrol',1);
Insert into CALISMAALANI.MODELS (ID,BRAND_ID,MODEL_ID,MODEL_NAME,VEHICLE_ID) values (769,40,4,'Qashqai',1);
Insert into CALISMAALANI.MODELS (ID,BRAND_ID,MODEL_ID,MODEL_NAME,VEHICLE_ID) values (770,40,5,'Qashqai+2',1);
Insert into CALISMAALANI.MODELS (ID,BRAND_ID,MODEL_ID,MODEL_NAME,VEHICLE_ID) values (771,40,6,'X-Trail',1);
Insert into CALISMAALANI.MODELS (ID,BRAND_ID,MODEL_ID,MODEL_NAME,VEHICLE_ID) values (772,40,7,'Country ',1);
Insert into CALISMAALANI.MODELS (ID,BRAND_ID,MODEL_ID,MODEL_NAME,VEHICLE_ID) values (773,40,8,'Murano',1);
Insert into CALISMAALANI.MODELS (ID,BRAND_ID,MODEL_ID,MODEL_NAME,VEHICLE_ID) values (774,40,9,'Rally Raid',1);
Insert into CALISMAALANI.MODELS (ID,BRAND_ID,MODEL_ID,MODEL_NAME,VEHICLE_ID) values (775,40,10,'Skystar',1);
Insert into CALISMAALANI.MODELS (ID,BRAND_ID,MODEL_ID,MODEL_NAME,VEHICLE_ID) values (776,40,11,'Terrano',1);
Insert into CALISMAALANI.MODELS (ID,BRAND_ID,MODEL_ID,MODEL_NAME,VEHICLE_ID) values (777,41,0,'Antara',1);
Insert into CALISMAALANI.MODELS (ID,BRAND_ID,MODEL_ID,MODEL_NAME,VEHICLE_ID) values (778,41,1,'Crossland X ',1);
Insert into CALISMAALANI.MODELS (ID,BRAND_ID,MODEL_ID,MODEL_NAME,VEHICLE_ID) values (779,41,2,'Grandland X',1);
Insert into CALISMAALANI.MODELS (ID,BRAND_ID,MODEL_ID,MODEL_NAME,VEHICLE_ID) values (780,41,3,'Mokka',1);
Insert into CALISMAALANI.MODELS (ID,BRAND_ID,MODEL_ID,MODEL_NAME,VEHICLE_ID) values (781,41,4,'Mokka X ',1);
Insert into CALISMAALANI.MODELS (ID,BRAND_ID,MODEL_ID,MODEL_NAME,VEHICLE_ID) values (782,41,5,'Frontera',1);
Insert into CALISMAALANI.MODELS (ID,BRAND_ID,MODEL_ID,MODEL_NAME,VEHICLE_ID) values (783,42,0,'2008',1);
Insert into CALISMAALANI.MODELS (ID,BRAND_ID,MODEL_ID,MODEL_NAME,VEHICLE_ID) values (784,42,1,'3008',1);
Insert into CALISMAALANI.MODELS (ID,BRAND_ID,MODEL_ID,MODEL_NAME,VEHICLE_ID) values (786,42,3,'5008',1);
Insert into CALISMAALANI.MODELS (ID,BRAND_ID,MODEL_ID,MODEL_NAME,VEHICLE_ID) values (785,42,2,'4007',1);
Insert into CALISMAALANI.MODELS (ID,BRAND_ID,MODEL_ID,MODEL_NAME,VEHICLE_ID) values (787,43,0,'Cayenne',1);
Insert into CALISMAALANI.MODELS (ID,BRAND_ID,MODEL_ID,MODEL_NAME,VEHICLE_ID) values (788,43,1,'Macan',1);
Insert into CALISMAALANI.MODELS (ID,BRAND_ID,MODEL_ID,MODEL_NAME,VEHICLE_ID) values (789,44,0,'2.4',1);
Insert into CALISMAALANI.MODELS (ID,BRAND_ID,MODEL_ID,MODEL_NAME,VEHICLE_ID) values (790,45,0,'Captur',1);
Insert into CALISMAALANI.MODELS (ID,BRAND_ID,MODEL_ID,MODEL_NAME,VEHICLE_ID) values (791,45,1,'Kadjar',1);
Insert into CALISMAALANI.MODELS (ID,BRAND_ID,MODEL_ID,MODEL_NAME,VEHICLE_ID) values (792,45,2,'Koleos',1);
Insert into CALISMAALANI.MODELS (ID,BRAND_ID,MODEL_ID,MODEL_NAME,VEHICLE_ID) values (793,45,3,'Scenic RX4',1);
Insert into CALISMAALANI.MODELS (ID,BRAND_ID,MODEL_ID,MODEL_NAME,VEHICLE_ID) values (794,46,0,'Cullinan',1);
Insert into CALISMAALANI.MODELS (ID,BRAND_ID,MODEL_ID,MODEL_NAME,VEHICLE_ID) values (795,47,0,'Arona',1);
Insert into CALISMAALANI.MODELS (ID,BRAND_ID,MODEL_ID,MODEL_NAME,VEHICLE_ID) values (796,47,1,'Ateca',1);
Insert into CALISMAALANI.MODELS (ID,BRAND_ID,MODEL_ID,MODEL_NAME,VEHICLE_ID) values (797,48,0,'Karoq',1);
Insert into CALISMAALANI.MODELS (ID,BRAND_ID,MODEL_ID,MODEL_NAME,VEHICLE_ID) values (798,48,1,'Kodiaq',1);
Insert into CALISMAALANI.MODELS (ID,BRAND_ID,MODEL_ID,MODEL_NAME,VEHICLE_ID) values (799,48,2,'Yeti ',1);
Insert into CALISMAALANI.MODELS (ID,BRAND_ID,MODEL_ID,MODEL_NAME,VEHICLE_ID) values (800,49,0,'Actyon',1);
Insert into CALISMAALANI.MODELS (ID,BRAND_ID,MODEL_ID,MODEL_NAME,VEHICLE_ID) values (801,49,1,'Actyon Sports',1);
Insert into CALISMAALANI.MODELS (ID,BRAND_ID,MODEL_ID,MODEL_NAME,VEHICLE_ID) values (802,49,2,'Korando',1);
Insert into CALISMAALANI.MODELS (ID,BRAND_ID,MODEL_ID,MODEL_NAME,VEHICLE_ID) values (803,49,3,'Korando Sports',1);
Insert into CALISMAALANI.MODELS (ID,BRAND_ID,MODEL_ID,MODEL_NAME,VEHICLE_ID) values (804,49,4,'Kyron',1);
Insert into CALISMAALANI.MODELS (ID,BRAND_ID,MODEL_ID,MODEL_NAME,VEHICLE_ID) values (805,49,5,'Musso ',1);
Insert into CALISMAALANI.MODELS (ID,BRAND_ID,MODEL_ID,MODEL_NAME,VEHICLE_ID) values (806,49,6,'Musso Grand',1);
Insert into CALISMAALANI.MODELS (ID,BRAND_ID,MODEL_ID,MODEL_NAME,VEHICLE_ID) values (807,49,7,'Rexton',1);
Insert into CALISMAALANI.MODELS (ID,BRAND_ID,MODEL_ID,MODEL_NAME,VEHICLE_ID) values (808,49,8,'Tivoli ',1);
Insert into CALISMAALANI.MODELS (ID,BRAND_ID,MODEL_ID,MODEL_NAME,VEHICLE_ID) values (809,49,9,'XLV ',1);
Insert into CALISMAALANI.MODELS (ID,BRAND_ID,MODEL_ID,MODEL_NAME,VEHICLE_ID) values (810,49,10,'Rodius',1);
Insert into CALISMAALANI.MODELS (ID,BRAND_ID,MODEL_ID,MODEL_NAME,VEHICLE_ID) values (811,50,0,'Forester',1);
Insert into CALISMAALANI.MODELS (ID,BRAND_ID,MODEL_ID,MODEL_NAME,VEHICLE_ID) values (812,50,1,'Outback',1);
Insert into CALISMAALANI.MODELS (ID,BRAND_ID,MODEL_ID,MODEL_NAME,VEHICLE_ID) values (813,50,2,'XV',1);
Insert into CALISMAALANI.MODELS (ID,BRAND_ID,MODEL_ID,MODEL_NAME,VEHICLE_ID) values (814,50,3,'Tribeca (B9)',1);
Insert into CALISMAALANI.MODELS (ID,BRAND_ID,MODEL_ID,MODEL_NAME,VEHICLE_ID) values (815,51,0,'Grand Vitara ',1);
Insert into CALISMAALANI.MODELS (ID,BRAND_ID,MODEL_ID,MODEL_NAME,VEHICLE_ID) values (816,51,1,'Jimny',1);
Insert into CALISMAALANI.MODELS (ID,BRAND_ID,MODEL_ID,MODEL_NAME,VEHICLE_ID) values (817,51,2,'SJ',1);
Insert into CALISMAALANI.MODELS (ID,BRAND_ID,MODEL_ID,MODEL_NAME,VEHICLE_ID) values (818,51,3,'Vitara',1);
Insert into CALISMAALANI.MODELS (ID,BRAND_ID,MODEL_ID,MODEL_NAME,VEHICLE_ID) values (819,51,4,'X-90',1);
Insert into CALISMAALANI.MODELS (ID,BRAND_ID,MODEL_ID,MODEL_NAME,VEHICLE_ID) values (820,52,0,'Telcoline ',1);
Insert into CALISMAALANI.MODELS (ID,BRAND_ID,MODEL_ID,MODEL_NAME,VEHICLE_ID) values (821,52,1,'Xenon ',1);
Insert into CALISMAALANI.MODELS (ID,BRAND_ID,MODEL_ID,MODEL_NAME,VEHICLE_ID) values (822,52,2,'Safari ',1);
Insert into CALISMAALANI.MODELS (ID,BRAND_ID,MODEL_ID,MODEL_NAME,VEHICLE_ID) values (823,53,0,'C-HR',1);
Insert into CALISMAALANI.MODELS (ID,BRAND_ID,MODEL_ID,MODEL_NAME,VEHICLE_ID) values (824,53,1,'FJ Cruiser',1);
Insert into CALISMAALANI.MODELS (ID,BRAND_ID,MODEL_ID,MODEL_NAME,VEHICLE_ID) values (825,53,2,'Hilux',1);
Insert into CALISMAALANI.MODELS (ID,BRAND_ID,MODEL_ID,MODEL_NAME,VEHICLE_ID) values (826,53,3,'Land Cruiser',1);
Insert into CALISMAALANI.MODELS (ID,BRAND_ID,MODEL_ID,MODEL_NAME,VEHICLE_ID) values (827,53,4,'RAV4',1);
Insert into CALISMAALANI.MODELS (ID,BRAND_ID,MODEL_ID,MODEL_NAME,VEHICLE_ID) values (828,53,5,'4Runner',1);
Insert into CALISMAALANI.MODELS (ID,BRAND_ID,MODEL_ID,MODEL_NAME,VEHICLE_ID) values (829,53,6,'Fortuner',1);
Insert into CALISMAALANI.MODELS (ID,BRAND_ID,MODEL_ID,MODEL_NAME,VEHICLE_ID) values (830,54,0,'Amarok',1);
Insert into CALISMAALANI.MODELS (ID,BRAND_ID,MODEL_ID,MODEL_NAME,VEHICLE_ID) values (831,54,1,'Tiguan ',1);
Insert into CALISMAALANI.MODELS (ID,BRAND_ID,MODEL_ID,MODEL_NAME,VEHICLE_ID) values (832,54,2,'Tiguan AllSpace',1);
Insert into CALISMAALANI.MODELS (ID,BRAND_ID,MODEL_ID,MODEL_NAME,VEHICLE_ID) values (833,54,3,'Touareg',1);
Insert into CALISMAALANI.MODELS (ID,BRAND_ID,MODEL_ID,MODEL_NAME,VEHICLE_ID) values (834,54,4,'T-Roc',1);
Insert into CALISMAALANI.MODELS (ID,BRAND_ID,MODEL_ID,MODEL_NAME,VEHICLE_ID) values (835,55,0,'XC40',1);
Insert into CALISMAALANI.MODELS (ID,BRAND_ID,MODEL_ID,MODEL_NAME,VEHICLE_ID) values (836,55,1,'XC60',1);
Insert into CALISMAALANI.MODELS (ID,BRAND_ID,MODEL_ID,MODEL_NAME,VEHICLE_ID) values (837,55,2,'XC70',1);
Insert into CALISMAALANI.MODELS (ID,BRAND_ID,MODEL_ID,MODEL_NAME,VEHICLE_ID) values (838,55,3,'XC90',1);
Insert into CALISMAALANI.MODELS (ID,BRAND_ID,MODEL_ID,MODEL_NAME,VEHICLE_ID) values (839,0,0,'Megastar',2);
Insert into CALISMAALANI.MODELS (ID,BRAND_ID,MODEL_ID,MODEL_NAME,VEHICLE_ID) values (840,1,0,'Taxim',2);
Insert into CALISMAALANI.MODELS (ID,BRAND_ID,MODEL_ID,MODEL_NAME,VEHICLE_ID) values (841,2,0,'Express',2);
Insert into CALISMAALANI.MODELS (ID,BRAND_ID,MODEL_ID,MODEL_NAME,VEHICLE_ID) values (842,2,1,'G Serisi',2);
Insert into CALISMAALANI.MODELS (ID,BRAND_ID,MODEL_ID,MODEL_NAME,VEHICLE_ID) values (843,2,2,'Venture',2);
Insert into CALISMAALANI.MODELS (ID,BRAND_ID,MODEL_ID,MODEL_NAME,VEHICLE_ID) values (844,3,0,'Grand Voyager ',2);
Insert into CALISMAALANI.MODELS (ID,BRAND_ID,MODEL_ID,MODEL_NAME,VEHICLE_ID) values (845,3,1,'Town & Country ',2);
Insert into CALISMAALANI.MODELS (ID,BRAND_ID,MODEL_ID,MODEL_NAME,VEHICLE_ID) values (846,3,2,'Voyager',2);
Insert into CALISMAALANI.MODELS (ID,BRAND_ID,MODEL_ID,MODEL_NAME,VEHICLE_ID) values (847,4,0,'Berlingo',2);
Insert into CALISMAALANI.MODELS (ID,BRAND_ID,MODEL_ID,MODEL_NAME,VEHICLE_ID) values (848,4,1,'Jumper ',2);
Insert into CALISMAALANI.MODELS (ID,BRAND_ID,MODEL_ID,MODEL_NAME,VEHICLE_ID) values (849,4,2,'Jumpy ',2);
Insert into CALISMAALANI.MODELS (ID,BRAND_ID,MODEL_ID,MODEL_NAME,VEHICLE_ID) values (850,4,3,'Nemo',2);
Insert into CALISMAALANI.MODELS (ID,BRAND_ID,MODEL_ID,MODEL_NAME,VEHICLE_ID) values (851,4,4,'C15',2);
Insert into CALISMAALANI.MODELS (ID,BRAND_ID,MODEL_ID,MODEL_NAME,VEHICLE_ID) values (852,5,0,'Dokker',2);
Insert into CALISMAALANI.MODELS (ID,BRAND_ID,MODEL_ID,MODEL_NAME,VEHICLE_ID) values (853,5,1,'Logan',2);
Insert into CALISMAALANI.MODELS (ID,BRAND_ID,MODEL_ID,MODEL_NAME,VEHICLE_ID) values (854,6,0,'Damas',2);
Insert into CALISMAALANI.MODELS (ID,BRAND_ID,MODEL_ID,MODEL_NAME,VEHICLE_ID) values (855,6,1,'Lublin',2);
Insert into CALISMAALANI.MODELS (ID,BRAND_ID,MODEL_ID,MODEL_NAME,VEHICLE_ID) values (856,7,0,'Hi-Jet ',2);
Insert into CALISMAALANI.MODELS (ID,BRAND_ID,MODEL_ID,MODEL_NAME,VEHICLE_ID) values (857,8,0,'1.3 Van',2);
Insert into CALISMAALANI.MODELS (ID,BRAND_ID,MODEL_ID,MODEL_NAME,VEHICLE_ID) values (858,8,1,'Succe',2);
Insert into CALISMAALANI.MODELS (ID,BRAND_ID,MODEL_ID,MODEL_NAME,VEHICLE_ID) values (859,8,2,'1.1 Van',2);
Insert into CALISMAALANI.MODELS (ID,BRAND_ID,MODEL_ID,MODEL_NAME,VEHICLE_ID) values (860,9,0,'Mega Van',2);
Insert into CALISMAALANI.MODELS (ID,BRAND_ID,MODEL_ID,MODEL_NAME,VEHICLE_ID) values (861,10,0,'Grand Caravan',2);
Insert into CALISMAALANI.MODELS (ID,BRAND_ID,MODEL_ID,MODEL_NAME,VEHICLE_ID) values (862,11,0,'CA5024',2);
Insert into CALISMAALANI.MODELS (ID,BRAND_ID,MODEL_ID,MODEL_NAME,VEHICLE_ID) values (863,12,0,'Doblo Cargo ',2);
Insert into CALISMAALANI.MODELS (ID,BRAND_ID,MODEL_ID,MODEL_NAME,VEHICLE_ID) values (864,12,1,'Doblo Combi ',2);
Insert into CALISMAALANI.MODELS (ID,BRAND_ID,MODEL_ID,MODEL_NAME,VEHICLE_ID) values (865,12,2,'Doblo Panorama',2);
Insert into CALISMAALANI.MODELS (ID,BRAND_ID,MODEL_ID,MODEL_NAME,VEHICLE_ID) values (866,12,3,'Ducato',2);
Insert into CALISMAALANI.MODELS (ID,BRAND_ID,MODEL_ID,MODEL_NAME,VEHICLE_ID) values (867,12,4,'Fiorino Cargo ',2);
Insert into CALISMAALANI.MODELS (ID,BRAND_ID,MODEL_ID,MODEL_NAME,VEHICLE_ID) values (868,12,5,'Fiorino Combi',2);
Insert into CALISMAALANI.MODELS (ID,BRAND_ID,MODEL_ID,MODEL_NAME,VEHICLE_ID) values (869,12,6,'Fiorino Combi Mix ',2);
Insert into CALISMAALANI.MODELS (ID,BRAND_ID,MODEL_ID,MODEL_NAME,VEHICLE_ID) values (870,12,7,'Fiorino Panorama',2);
Insert into CALISMAALANI.MODELS (ID,BRAND_ID,MODEL_ID,MODEL_NAME,VEHICLE_ID) values (871,12,8,'Scudo',2);
Insert into CALISMAALANI.MODELS (ID,BRAND_ID,MODEL_ID,MODEL_NAME,VEHICLE_ID) values (872,12,9,'Doblo Combi Mix',2);
Insert into CALISMAALANI.MODELS (ID,BRAND_ID,MODEL_ID,MODEL_NAME,VEHICLE_ID) values (873,12,10,'Multipla',2);
Insert into CALISMAALANI.MODELS (ID,BRAND_ID,MODEL_ID,MODEL_NAME,VEHICLE_ID) values (874,12,11,'Palio Van',2);
Insert into CALISMAALANI.MODELS (ID,BRAND_ID,MODEL_ID,MODEL_NAME,VEHICLE_ID) values (875,12,12,'Panda Van ',2);
Insert into CALISMAALANI.MODELS (ID,BRAND_ID,MODEL_ID,MODEL_NAME,VEHICLE_ID) values (876,13,0,'Tourneo Connect',2);
Insert into CALISMAALANI.MODELS (ID,BRAND_ID,MODEL_ID,MODEL_NAME,VEHICLE_ID) values (877,13,1,'Tourneo Courier ',2);
Insert into CALISMAALANI.MODELS (ID,BRAND_ID,MODEL_ID,MODEL_NAME,VEHICLE_ID) values (878,13,2,'Tourneo Custom ',2);
Insert into CALISMAALANI.MODELS (ID,BRAND_ID,MODEL_ID,MODEL_NAME,VEHICLE_ID) values (879,13,3,'Transit',2);
Insert into CALISMAALANI.MODELS (ID,BRAND_ID,MODEL_ID,MODEL_NAME,VEHICLE_ID) values (880,13,4,'Transit Connect ',2);
Insert into CALISMAALANI.MODELS (ID,BRAND_ID,MODEL_ID,MODEL_NAME,VEHICLE_ID) values (881,13,5,'Transit Courier',2);
Insert into CALISMAALANI.MODELS (ID,BRAND_ID,MODEL_ID,MODEL_NAME,VEHICLE_ID) values (882,13,6,'Transit Custom',2);
Insert into CALISMAALANI.MODELS (ID,BRAND_ID,MODEL_ID,MODEL_NAME,VEHICLE_ID) values (883,13,7,'Transit Kombi ',2);
Insert into CALISMAALANI.MODELS (ID,BRAND_ID,MODEL_ID,MODEL_NAME,VEHICLE_ID) values (884,13,8,'E Serisi ',2);
Insert into CALISMAALANI.MODELS (ID,BRAND_ID,MODEL_ID,MODEL_NAME,VEHICLE_ID) values (885,13,9,'Fiesta Van',2);
Insert into CALISMAALANI.MODELS (ID,BRAND_ID,MODEL_ID,MODEL_NAME,VEHICLE_ID) values (886,13,10,'Windstar',2);
Insert into CALISMAALANI.MODELS (ID,BRAND_ID,MODEL_ID,MODEL_NAME,VEHICLE_ID) values (887,14,0,'Next',2);
Insert into CALISMAALANI.MODELS (ID,BRAND_ID,MODEL_ID,MODEL_NAME,VEHICLE_ID) values (888,14,1,'Gazelle',2);
Insert into CALISMAALANI.MODELS (ID,BRAND_ID,MODEL_ID,MODEL_NAME,VEHICLE_ID) values (889,14,2,'Sobol',2);
Insert into CALISMAALANI.MODELS (ID,BRAND_ID,MODEL_ID,MODEL_NAME,VEHICLE_ID) values (890,15,0,'Savana',2);
Insert into CALISMAALANI.MODELS (ID,BRAND_ID,MODEL_ID,MODEL_NAME,VEHICLE_ID) values (891,16,0,'P Serisi',2);
Insert into CALISMAALANI.MODELS (ID,BRAND_ID,MODEL_ID,MODEL_NAME,VEHICLE_ID) values (892,17,0,'H 100',2);
Insert into CALISMAALANI.MODELS (ID,BRAND_ID,MODEL_ID,MODEL_NAME,VEHICLE_ID) values (893,17,1,'H 350',2);
Insert into CALISMAALANI.MODELS (ID,BRAND_ID,MODEL_ID,MODEL_NAME,VEHICLE_ID) values (894,17,2,'H 1',2);
Insert into CALISMAALANI.MODELS (ID,BRAND_ID,MODEL_ID,MODEL_NAME,VEHICLE_ID) values (895,17,3,'Starex',2);
Insert into CALISMAALANI.MODELS (ID,BRAND_ID,MODEL_ID,MODEL_NAME,VEHICLE_ID) values (896,18,0,'WFR',2);
Insert into CALISMAALANI.MODELS (ID,BRAND_ID,MODEL_ID,MODEL_NAME,VEHICLE_ID) values (897,19,0,'35',2);
Insert into CALISMAALANI.MODELS (ID,BRAND_ID,MODEL_ID,MODEL_NAME,VEHICLE_ID) values (898,19,1,'70',2);
Insert into CALISMAALANI.MODELS (ID,BRAND_ID,MODEL_ID,MODEL_NAME,VEHICLE_ID) values (899,20,0,'Besta',2);
Insert into CALISMAALANI.MODELS (ID,BRAND_ID,MODEL_ID,MODEL_NAME,VEHICLE_ID) values (900,20,1,'Pregio',2);
Insert into CALISMAALANI.MODELS (ID,BRAND_ID,MODEL_ID,MODEL_NAME,VEHICLE_ID) values (901,21,0,'Voyager',2);
Insert into CALISMAALANI.MODELS (ID,BRAND_ID,MODEL_ID,MODEL_NAME,VEHICLE_ID) values (902,22,0,'E 2200',2);
Insert into CALISMAALANI.MODELS (ID,BRAND_ID,MODEL_ID,MODEL_NAME,VEHICLE_ID) values (903,23,0,'Citan',2);
Insert into CALISMAALANI.MODELS (ID,BRAND_ID,MODEL_ID,MODEL_NAME,VEHICLE_ID) values (904,23,1,'Sprinter Panel Van',2);
Insert into CALISMAALANI.MODELS (ID,BRAND_ID,MODEL_ID,MODEL_NAME,VEHICLE_ID) values (905,23,2,'Vaneo ',2);
Insert into CALISMAALANI.MODELS (ID,BRAND_ID,MODEL_ID,MODEL_NAME,VEHICLE_ID) values (906,23,3,'V-Class',2);
Insert into CALISMAALANI.MODELS (ID,BRAND_ID,MODEL_ID,MODEL_NAME,VEHICLE_ID) values (907,23,4,'Viano ',2);
Insert into CALISMAALANI.MODELS (ID,BRAND_ID,MODEL_ID,MODEL_NAME,VEHICLE_ID) values (908,23,5,'Vito',2);
Insert into CALISMAALANI.MODELS (ID,BRAND_ID,MODEL_ID,MODEL_NAME,VEHICLE_ID) values (909,23,6,'Vito Mixto/Kombi',2);
Insert into CALISMAALANI.MODELS (ID,BRAND_ID,MODEL_ID,MODEL_NAME,VEHICLE_ID) values (910,23,7,'Vito Tourer',2);
Insert into CALISMAALANI.MODELS (ID,BRAND_ID,MODEL_ID,MODEL_NAME,VEHICLE_ID) values (911,23,8,'Vito Tourer Select ',2);
Insert into CALISMAALANI.MODELS (ID,BRAND_ID,MODEL_ID,MODEL_NAME,VEHICLE_ID) values (912,23,9,'MB ',2);
Insert into CALISMAALANI.MODELS (ID,BRAND_ID,MODEL_ID,MODEL_NAME,VEHICLE_ID) values (913,24,0,'L 300',2);
Insert into CALISMAALANI.MODELS (ID,BRAND_ID,MODEL_ID,MODEL_NAME,VEHICLE_ID) values (914,25,0,'Urvan',2);
Insert into CALISMAALANI.MODELS (ID,BRAND_ID,MODEL_ID,MODEL_NAME,VEHICLE_ID) values (915,25,1,'Vanette',2);
Insert into CALISMAALANI.MODELS (ID,BRAND_ID,MODEL_ID,MODEL_NAME,VEHICLE_ID) values (916,26,0,'Combo',2);
Insert into CALISMAALANI.MODELS (ID,BRAND_ID,MODEL_ID,MODEL_NAME,VEHICLE_ID) values (917,26,1,'Movano',2);
Insert into CALISMAALANI.MODELS (ID,BRAND_ID,MODEL_ID,MODEL_NAME,VEHICLE_ID) values (918,26,2,'Vivaro ',2);
Insert into CALISMAALANI.MODELS (ID,BRAND_ID,MODEL_ID,MODEL_NAME,VEHICLE_ID) values (919,26,3,'Astra Van ',2);
Insert into CALISMAALANI.MODELS (ID,BRAND_ID,MODEL_ID,MODEL_NAME,VEHICLE_ID) values (920,26,4,'Corsa Van',2);
Insert into CALISMAALANI.MODELS (ID,BRAND_ID,MODEL_ID,MODEL_NAME,VEHICLE_ID) values (921,27,0,'Bipper',2);
Insert into CALISMAALANI.MODELS (ID,BRAND_ID,MODEL_ID,MODEL_NAME,VEHICLE_ID) values (922,27,1,'Boxer',2);
Insert into CALISMAALANI.MODELS (ID,BRAND_ID,MODEL_ID,MODEL_NAME,VEHICLE_ID) values (923,27,2,'Expert',2);
Insert into CALISMAALANI.MODELS (ID,BRAND_ID,MODEL_ID,MODEL_NAME,VEHICLE_ID) values (924,27,3,'Expert Traveller',2);
Insert into CALISMAALANI.MODELS (ID,BRAND_ID,MODEL_ID,MODEL_NAME,VEHICLE_ID) values (925,27,4,'Partner',2);
Insert into CALISMAALANI.MODELS (ID,BRAND_ID,MODEL_ID,MODEL_NAME,VEHICLE_ID) values (926,27,5,'Rifter',2);
Insert into CALISMAALANI.MODELS (ID,BRAND_ID,MODEL_ID,MODEL_NAME,VEHICLE_ID) values (927,27,6,'206 Van',2);
Insert into CALISMAALANI.MODELS (ID,BRAND_ID,MODEL_ID,MODEL_NAME,VEHICLE_ID) values (928,27,7,'J9',2);
Insert into CALISMAALANI.MODELS (ID,BRAND_ID,MODEL_ID,MODEL_NAME,VEHICLE_ID) values (929,28,0,'Trans Sport',2);
Insert into CALISMAALANI.MODELS (ID,BRAND_ID,MODEL_ID,MODEL_NAME,VEHICLE_ID) values (930,29,0,'Kangoo',2);
Insert into CALISMAALANI.MODELS (ID,BRAND_ID,MODEL_ID,MODEL_NAME,VEHICLE_ID) values (931,29,1,'Kangoo Express',2);
Insert into CALISMAALANI.MODELS (ID,BRAND_ID,MODEL_ID,MODEL_NAME,VEHICLE_ID) values (932,29,2,'Kangoo Multix',2);
Insert into CALISMAALANI.MODELS (ID,BRAND_ID,MODEL_ID,MODEL_NAME,VEHICLE_ID) values (933,29,3,'Mascott',2);
Insert into CALISMAALANI.MODELS (ID,BRAND_ID,MODEL_ID,MODEL_NAME,VEHICLE_ID) values (934,29,4,'Master',2);
Insert into CALISMAALANI.MODELS (ID,BRAND_ID,MODEL_ID,MODEL_NAME,VEHICLE_ID) values (935,29,5,'Trafic',2);
Insert into CALISMAALANI.MODELS (ID,BRAND_ID,MODEL_ID,MODEL_NAME,VEHICLE_ID) values (936,29,6,'Trafic Multix',2);
Insert into CALISMAALANI.MODELS (ID,BRAND_ID,MODEL_ID,MODEL_NAME,VEHICLE_ID) values (937,29,7,'Express',2);
Insert into CALISMAALANI.MODELS (ID,BRAND_ID,MODEL_ID,MODEL_NAME,VEHICLE_ID) values (938,30,0,'Inca',2);
Insert into CALISMAALANI.MODELS (ID,BRAND_ID,MODEL_ID,MODEL_NAME,VEHICLE_ID) values (939,31,0,'Fabia Praktik',2);
Insert into CALISMAALANI.MODELS (ID,BRAND_ID,MODEL_ID,MODEL_NAME,VEHICLE_ID) values (940,32,0,'Carry',2);
Insert into CALISMAALANI.MODELS (ID,BRAND_ID,MODEL_ID,MODEL_NAME,VEHICLE_ID) values (941,33,0,'Hi-Ace',2);
Insert into CALISMAALANI.MODELS (ID,BRAND_ID,MODEL_ID,MODEL_NAME,VEHICLE_ID) values (942,33,1,'Sienna',2);
Insert into CALISMAALANI.MODELS (ID,BRAND_ID,MODEL_ID,MODEL_NAME,VEHICLE_ID) values (943,34,0,'Caddy ',2);
Insert into CALISMAALANI.MODELS (ID,BRAND_ID,MODEL_ID,MODEL_NAME,VEHICLE_ID) values (944,34,1,'Caravelle',2);
Insert into CALISMAALANI.MODELS (ID,BRAND_ID,MODEL_ID,MODEL_NAME,VEHICLE_ID) values (945,34,2,'Crafter ',2);
Insert into CALISMAALANI.MODELS (ID,BRAND_ID,MODEL_ID,MODEL_NAME,VEHICLE_ID) values (946,34,3,'Multivan',2);
Insert into CALISMAALANI.MODELS (ID,BRAND_ID,MODEL_ID,MODEL_NAME,VEHICLE_ID) values (947,34,4,'Transporter',2);
Insert into CALISMAALANI.MODELS (ID,BRAND_ID,MODEL_ID,MODEL_NAME,VEHICLE_ID) values (948,34,5,'LT',2);
Insert into CALISMAALANI.MODELS (ID,BRAND_ID,MODEL_ID,MODEL_NAME,VEHICLE_ID) values (949,0,0,'BMC',3);
Insert into CALISMAALANI.MODELS (ID,BRAND_ID,MODEL_ID,MODEL_NAME,VEHICLE_ID) values (950,1,0,'Chevrolet',3);
Insert into CALISMAALANI.MODELS (ID,BRAND_ID,MODEL_ID,MODEL_NAME,VEHICLE_ID) values (951,2,0,'Citroen',3);
Insert into CALISMAALANI.MODELS (ID,BRAND_ID,MODEL_ID,MODEL_NAME,VEHICLE_ID) values (952,3,0,'Commer',3);
Insert into CALISMAALANI.MODELS (ID,BRAND_ID,MODEL_ID,MODEL_NAME,VEHICLE_ID) values (953,4,0,'Crawler',3);
Insert into CALISMAALANI.MODELS (ID,BRAND_ID,MODEL_ID,MODEL_NAME,VEHICLE_ID) values (954,5,0,'Dodge',3);
Insert into CALISMAALANI.MODELS (ID,BRAND_ID,MODEL_ID,MODEL_NAME,VEHICLE_ID) values (955,6,0,'Ford',3);
Insert into CALISMAALANI.MODELS (ID,BRAND_ID,MODEL_ID,MODEL_NAME,VEHICLE_ID) values (956,7,0,'GAZ',3);
Insert into CALISMAALANI.MODELS (ID,BRAND_ID,MODEL_ID,MODEL_NAME,VEHICLE_ID) values (957,8,0,'GMC',3);
Insert into CALISMAALANI.MODELS (ID,BRAND_ID,MODEL_ID,MODEL_NAME,VEHICLE_ID) values (958,9,0,'Gündo?du Karavan',3);
Insert into CALISMAALANI.MODELS (ID,BRAND_ID,MODEL_ID,MODEL_NAME,VEHICLE_ID) values (959,10,0,'Hotomobil',3);
Insert into CALISMAALANI.MODELS (ID,BRAND_ID,MODEL_ID,MODEL_NAME,VEHICLE_ID) values (960,11,0,'Hunter@Nature',3);
Insert into CALISMAALANI.MODELS (ID,BRAND_ID,MODEL_ID,MODEL_NAME,VEHICLE_ID) values (961,12,0,'Hymer',3);
Insert into CALISMAALANI.MODELS (ID,BRAND_ID,MODEL_ID,MODEL_NAME,VEHICLE_ID) values (962,13,0,'Hyundai',3);
Insert into CALISMAALANI.MODELS (ID,BRAND_ID,MODEL_ID,MODEL_NAME,VEHICLE_ID) values (963,14,0,'Isuzu',3);
Insert into CALISMAALANI.MODELS (ID,BRAND_ID,MODEL_ID,MODEL_NAME,VEHICLE_ID) values (964,15,0,'Itasca',3);
Insert into CALISMAALANI.MODELS (ID,BRAND_ID,MODEL_ID,MODEL_NAME,VEHICLE_ID) values (965,16,0,'Iveco',3);
Insert into CALISMAALANI.MODELS (ID,BRAND_ID,MODEL_ID,MODEL_NAME,VEHICLE_ID) values (966,17,0,'?maj Karavan',3);
Insert into CALISMAALANI.MODELS (ID,BRAND_ID,MODEL_ID,MODEL_NAME,VEHICLE_ID) values (967,18,0,'Kia',3);
Insert into CALISMAALANI.MODELS (ID,BRAND_ID,MODEL_ID,MODEL_NAME,VEHICLE_ID) values (968,19,0,'Land Rover',3);
Insert into CALISMAALANI.MODELS (ID,BRAND_ID,MODEL_ID,MODEL_NAME,VEHICLE_ID) values (969,20,0,'Mazda',3);
Insert into CALISMAALANI.MODELS (ID,BRAND_ID,MODEL_ID,MODEL_NAME,VEHICLE_ID) values (970,21,0,'Mercedes',3);
Insert into CALISMAALANI.MODELS (ID,BRAND_ID,MODEL_ID,MODEL_NAME,VEHICLE_ID) values (971,22,0,'Mitsubishi',3);
Insert into CALISMAALANI.MODELS (ID,BRAND_ID,MODEL_ID,MODEL_NAME,VEHICLE_ID) values (972,23,0,'Opel',3);
Insert into CALISMAALANI.MODELS (ID,BRAND_ID,MODEL_ID,MODEL_NAME,VEHICLE_ID) values (973,24,0,'Otokar',3);
Insert into CALISMAALANI.MODELS (ID,BRAND_ID,MODEL_ID,MODEL_NAME,VEHICLE_ID) values (974,25,0,'Peugeot',3);
Insert into CALISMAALANI.MODELS (ID,BRAND_ID,MODEL_ID,MODEL_NAME,VEHICLE_ID) values (975,26,0,'Renault',3);
Insert into CALISMAALANI.MODELS (ID,BRAND_ID,MODEL_ID,MODEL_NAME,VEHICLE_ID) values (976,27,0,'Saly',3);
Insert into CALISMAALANI.MODELS (ID,BRAND_ID,MODEL_ID,MODEL_NAME,VEHICLE_ID) values (977,28,0,'Superliner',3);
Insert into CALISMAALANI.MODELS (ID,BRAND_ID,MODEL_ID,MODEL_NAME,VEHICLE_ID) values (978,29,0,'Tofa? - Fiat',3);
Insert into CALISMAALANI.MODELS (ID,BRAND_ID,MODEL_ID,MODEL_NAME,VEHICLE_ID) values (979,30,0,'Turkar',3);
Insert into CALISMAALANI.MODELS (ID,BRAND_ID,MODEL_ID,MODEL_NAME,VEHICLE_ID) values (980,31,0,'Viya',3);
Insert into CALISMAALANI.MODELS (ID,BRAND_ID,MODEL_ID,MODEL_NAME,VEHICLE_ID) values (981,32,0,'Volkswagen',3);
Insert into CALISMAALANI.MODELS (ID,BRAND_ID,MODEL_ID,MODEL_NAME,VEHICLE_ID) values (982,33,0,'Winnebago',3);
Insert into CALISMAALANI.MODELS (ID,BRAND_ID,MODEL_ID,MODEL_NAME,VEHICLE_ID) values (983,34,0,'Di?er',3);
Insert into CALISMAALANI.MODELS (ID,BRAND_ID,MODEL_ID,MODEL_NAME,VEHICLE_ID) values (0,0,0,'Giulia',0);
Insert into CALISMAALANI.MODELS (ID,BRAND_ID,MODEL_ID,MODEL_NAME,VEHICLE_ID) values (1,0,1,'Giulietta',0);
Insert into CALISMAALANI.MODELS (ID,BRAND_ID,MODEL_ID,MODEL_NAME,VEHICLE_ID) values (2,0,2,'145 ',0);
Insert into CALISMAALANI.MODELS (ID,BRAND_ID,MODEL_ID,MODEL_NAME,VEHICLE_ID) values (3,0,3,'146',0);
Insert into CALISMAALANI.MODELS (ID,BRAND_ID,MODEL_ID,MODEL_NAME,VEHICLE_ID) values (4,0,4,'147',0);
Insert into CALISMAALANI.MODELS (ID,BRAND_ID,MODEL_ID,MODEL_NAME,VEHICLE_ID) values (5,0,5,'155',0);
Insert into CALISMAALANI.MODELS (ID,BRAND_ID,MODEL_ID,MODEL_NAME,VEHICLE_ID) values (6,0,6,'156 ',0);
Insert into CALISMAALANI.MODELS (ID,BRAND_ID,MODEL_ID,MODEL_NAME,VEHICLE_ID) values (7,0,7,'159',0);
Insert into CALISMAALANI.MODELS (ID,BRAND_ID,MODEL_ID,MODEL_NAME,VEHICLE_ID) values (8,0,8,'164',0);
Insert into CALISMAALANI.MODELS (ID,BRAND_ID,MODEL_ID,MODEL_NAME,VEHICLE_ID) values (9,0,9,'166',0);
Insert into CALISMAALANI.MODELS (ID,BRAND_ID,MODEL_ID,MODEL_NAME,VEHICLE_ID) values (10,0,10,'33',0);
Insert into CALISMAALANI.MODELS (ID,BRAND_ID,MODEL_ID,MODEL_NAME,VEHICLE_ID) values (11,0,11,'75',0);
Insert into CALISMAALANI.MODELS (ID,BRAND_ID,MODEL_ID,MODEL_NAME,VEHICLE_ID) values (12,0,12,'Brera',0);
Insert into CALISMAALANI.MODELS (ID,BRAND_ID,MODEL_ID,MODEL_NAME,VEHICLE_ID) values (13,0,13,'GT',0);
Insert into CALISMAALANI.MODELS (ID,BRAND_ID,MODEL_ID,MODEL_NAME,VEHICLE_ID) values (14,0,14,'GTV ',0);
Insert into CALISMAALANI.MODELS (ID,BRAND_ID,MODEL_ID,MODEL_NAME,VEHICLE_ID) values (15,0,15,'MiTo',0);
Insert into CALISMAALANI.MODELS (ID,BRAND_ID,MODEL_ID,MODEL_NAME,VEHICLE_ID) values (16,0,16,'Spider',0);
Insert into CALISMAALANI.MODELS (ID,BRAND_ID,MODEL_ID,MODEL_NAME,VEHICLE_ID) values (17,1,0,'A110',0);
Insert into CALISMAALANI.MODELS (ID,BRAND_ID,MODEL_ID,MODEL_NAME,VEHICLE_ID) values (18,2,0,'A',0);
Insert into CALISMAALANI.MODELS (ID,BRAND_ID,MODEL_ID,MODEL_NAME,VEHICLE_ID) values (19,2,1,'SV',0);
Insert into CALISMAALANI.MODELS (ID,BRAND_ID,MODEL_ID,MODEL_NAME,VEHICLE_ID) values (20,3,0,'Cygnet',0);
Insert into CALISMAALANI.MODELS (ID,BRAND_ID,MODEL_ID,MODEL_NAME,VEHICLE_ID) values (21,3,1,'DB11',0);
Insert into CALISMAALANI.MODELS (ID,BRAND_ID,MODEL_ID,MODEL_NAME,VEHICLE_ID) values (22,3,2,'DB7',0);
Insert into CALISMAALANI.MODELS (ID,BRAND_ID,MODEL_ID,MODEL_NAME,VEHICLE_ID) values (23,3,3,'DB9',0);
Insert into CALISMAALANI.MODELS (ID,BRAND_ID,MODEL_ID,MODEL_NAME,VEHICLE_ID) values (24,3,4,'DBS ',0);
Insert into CALISMAALANI.MODELS (ID,BRAND_ID,MODEL_ID,MODEL_NAME,VEHICLE_ID) values (25,3,5,'Rapide ',0);
Insert into CALISMAALANI.MODELS (ID,BRAND_ID,MODEL_ID,MODEL_NAME,VEHICLE_ID) values (26,3,6,'Vanquish ',0);
Insert into CALISMAALANI.MODELS (ID,BRAND_ID,MODEL_ID,MODEL_NAME,VEHICLE_ID) values (27,3,7,'Vantage',0);
Insert into CALISMAALANI.MODELS (ID,BRAND_ID,MODEL_ID,MODEL_NAME,VEHICLE_ID) values (28,3,8,'Virage',0);
Insert into CALISMAALANI.MODELS (ID,BRAND_ID,MODEL_ID,MODEL_NAME,VEHICLE_ID) values (29,4,0,'A1',0);
Insert into CALISMAALANI.MODELS (ID,BRAND_ID,MODEL_ID,MODEL_NAME,VEHICLE_ID) values (30,4,1,'A3',0);
Insert into CALISMAALANI.MODELS (ID,BRAND_ID,MODEL_ID,MODEL_NAME,VEHICLE_ID) values (31,4,2,'A4',0);
Insert into CALISMAALANI.MODELS (ID,BRAND_ID,MODEL_ID,MODEL_NAME,VEHICLE_ID) values (32,4,3,'A5',0);
Insert into CALISMAALANI.MODELS (ID,BRAND_ID,MODEL_ID,MODEL_NAME,VEHICLE_ID) values (33,4,4,'A6',0);
Insert into CALISMAALANI.MODELS (ID,BRAND_ID,MODEL_ID,MODEL_NAME,VEHICLE_ID) values (34,4,5,'A7',0);
Insert into CALISMAALANI.MODELS (ID,BRAND_ID,MODEL_ID,MODEL_NAME,VEHICLE_ID) values (35,4,6,'A8',0);
Insert into CALISMAALANI.MODELS (ID,BRAND_ID,MODEL_ID,MODEL_NAME,VEHICLE_ID) values (36,4,7,'R8',0);
Insert into CALISMAALANI.MODELS (ID,BRAND_ID,MODEL_ID,MODEL_NAME,VEHICLE_ID) values (37,4,8,'RS',0);
Insert into CALISMAALANI.MODELS (ID,BRAND_ID,MODEL_ID,MODEL_NAME,VEHICLE_ID) values (38,4,9,'S Serisi',0);
Insert into CALISMAALANI.MODELS (ID,BRAND_ID,MODEL_ID,MODEL_NAME,VEHICLE_ID) values (39,4,10,'TT',0);
Insert into CALISMAALANI.MODELS (ID,BRAND_ID,MODEL_ID,MODEL_NAME,VEHICLE_ID) values (40,4,11,'80 Serisi',0);
Insert into CALISMAALANI.MODELS (ID,BRAND_ID,MODEL_ID,MODEL_NAME,VEHICLE_ID) values (41,4,12,'90 Serisi',0);
Insert into CALISMAALANI.MODELS (ID,BRAND_ID,MODEL_ID,MODEL_NAME,VEHICLE_ID) values (42,4,13,'100 Serisi',0);
Insert into CALISMAALANI.MODELS (ID,BRAND_ID,MODEL_ID,MODEL_NAME,VEHICLE_ID) values (43,5,0,'Continental',0);
Insert into CALISMAALANI.MODELS (ID,BRAND_ID,MODEL_ID,MODEL_NAME,VEHICLE_ID) values (44,5,1,'Flying Spur',0);
Insert into CALISMAALANI.MODELS (ID,BRAND_ID,MODEL_ID,MODEL_NAME,VEHICLE_ID) values (45,5,2,'Brooklands',0);
Insert into CALISMAALANI.MODELS (ID,BRAND_ID,MODEL_ID,MODEL_NAME,VEHICLE_ID) values (46,5,3,'Mulsanne ',0);
Insert into CALISMAALANI.MODELS (ID,BRAND_ID,MODEL_ID,MODEL_NAME,VEHICLE_ID) values (47,6,0,'1 Serisi',0);
Insert into CALISMAALANI.MODELS (ID,BRAND_ID,MODEL_ID,MODEL_NAME,VEHICLE_ID) values (48,6,1,'2 Serisi',0);
Insert into CALISMAALANI.MODELS (ID,BRAND_ID,MODEL_ID,MODEL_NAME,VEHICLE_ID) values (49,6,2,'3 Serisi',0);
Insert into CALISMAALANI.MODELS (ID,BRAND_ID,MODEL_ID,MODEL_NAME,VEHICLE_ID) values (50,6,3,'4 Serisi',0);
Insert into CALISMAALANI.MODELS (ID,BRAND_ID,MODEL_ID,MODEL_NAME,VEHICLE_ID) values (51,6,4,'5 Serisi ',0);
Insert into CALISMAALANI.MODELS (ID,BRAND_ID,MODEL_ID,MODEL_NAME,VEHICLE_ID) values (52,6,5,'6 Serisi ',0);
Insert into CALISMAALANI.MODELS (ID,BRAND_ID,MODEL_ID,MODEL_NAME,VEHICLE_ID) values (53,6,6,'7 Serisi ',0);
Insert into CALISMAALANI.MODELS (ID,BRAND_ID,MODEL_ID,MODEL_NAME,VEHICLE_ID) values (54,6,7,'8 Serisi ',0);
Insert into CALISMAALANI.MODELS (ID,BRAND_ID,MODEL_ID,MODEL_NAME,VEHICLE_ID) values (55,6,8,'i Serisi ',0);
Insert into CALISMAALANI.MODELS (ID,BRAND_ID,MODEL_ID,MODEL_NAME,VEHICLE_ID) values (56,6,9,'M Serisi',0);
Insert into CALISMAALANI.MODELS (ID,BRAND_ID,MODEL_ID,MODEL_NAME,VEHICLE_ID) values (57,6,10,'Z Serisi',0);
Insert into CALISMAALANI.MODELS (ID,BRAND_ID,MODEL_ID,MODEL_NAME,VEHICLE_ID) values (58,7,0,'Chiron',0);
Insert into CALISMAALANI.MODELS (ID,BRAND_ID,MODEL_ID,MODEL_NAME,VEHICLE_ID) values (59,8,0,'Century',0);
Insert into CALISMAALANI.MODELS (ID,BRAND_ID,MODEL_ID,MODEL_NAME,VEHICLE_ID) values (60,8,1,'Le Sabre',0);
Insert into CALISMAALANI.MODELS (ID,BRAND_ID,MODEL_ID,MODEL_NAME,VEHICLE_ID) values (61,8,2,'Park Avenue ',0);
Insert into CALISMAALANI.MODELS (ID,BRAND_ID,MODEL_ID,MODEL_NAME,VEHICLE_ID) values (62,8,3,'Regal',0);
Insert into CALISMAALANI.MODELS (ID,BRAND_ID,MODEL_ID,MODEL_NAME,VEHICLE_ID) values (63,8,4,'Riviera ',0);
Insert into CALISMAALANI.MODELS (ID,BRAND_ID,MODEL_ID,MODEL_NAME,VEHICLE_ID) values (64,8,5,'Roadmaster',0);
Insert into CALISMAALANI.MODELS (ID,BRAND_ID,MODEL_ID,MODEL_NAME,VEHICLE_ID) values (65,8,6,'Skylark',0);
Insert into CALISMAALANI.MODELS (ID,BRAND_ID,MODEL_ID,MODEL_NAME,VEHICLE_ID) values (66,9,0,'CTS ',0);
Insert into CALISMAALANI.MODELS (ID,BRAND_ID,MODEL_ID,MODEL_NAME,VEHICLE_ID) values (67,9,1,'Brougham',0);
Insert into CALISMAALANI.MODELS (ID,BRAND_ID,MODEL_ID,MODEL_NAME,VEHICLE_ID) values (68,9,2,'DeVille',0);
Insert into CALISMAALANI.MODELS (ID,BRAND_ID,MODEL_ID,MODEL_NAME,VEHICLE_ID) values (69,9,3,'Eldorado',0);
Insert into CALISMAALANI.MODELS (ID,BRAND_ID,MODEL_ID,MODEL_NAME,VEHICLE_ID) values (70,9,4,'Fleetwood ',0);
Insert into CALISMAALANI.MODELS (ID,BRAND_ID,MODEL_ID,MODEL_NAME,VEHICLE_ID) values (71,9,5,'Seville',0);
Insert into CALISMAALANI.MODELS (ID,BRAND_ID,MODEL_ID,MODEL_NAME,VEHICLE_ID) values (72,9,6,'STS',0);
Insert into CALISMAALANI.MODELS (ID,BRAND_ID,MODEL_ID,MODEL_NAME,VEHICLE_ID) values (73,10,0,'Alia ',0);
Insert into CALISMAALANI.MODELS (ID,BRAND_ID,MODEL_ID,MODEL_NAME,VEHICLE_ID) values (74,10,1,'Chance ',0);
Insert into CALISMAALANI.MODELS (ID,BRAND_ID,MODEL_ID,MODEL_NAME,VEHICLE_ID) values (75,10,2,'Kimo',0);
Insert into CALISMAALANI.MODELS (ID,BRAND_ID,MODEL_ID,MODEL_NAME,VEHICLE_ID) values (76,10,3,'Niche ',0);
Insert into CALISMAALANI.MODELS (ID,BRAND_ID,MODEL_ID,MODEL_NAME,VEHICLE_ID) values (77,11,0,'Aveo',0);
Insert into CALISMAALANI.MODELS (ID,BRAND_ID,MODEL_ID,MODEL_NAME,VEHICLE_ID) values (78,11,1,'Beretta ',0);
Insert into CALISMAALANI.MODELS (ID,BRAND_ID,MODEL_ID,MODEL_NAME,VEHICLE_ID) values (79,11,2,'Camaro ',0);
Insert into CALISMAALANI.MODELS (ID,BRAND_ID,MODEL_ID,MODEL_NAME,VEHICLE_ID) values (80,11,3,'Caprice',0);
Insert into CALISMAALANI.MODELS (ID,BRAND_ID,MODEL_ID,MODEL_NAME,VEHICLE_ID) values (81,11,4,'Cavalier',0);
Insert into CALISMAALANI.MODELS (ID,BRAND_ID,MODEL_ID,MODEL_NAME,VEHICLE_ID) values (82,11,5,'Celebrity',0);
Insert into CALISMAALANI.MODELS (ID,BRAND_ID,MODEL_ID,MODEL_NAME,VEHICLE_ID) values (83,11,6,'Corsica ',0);
Insert into CALISMAALANI.MODELS (ID,BRAND_ID,MODEL_ID,MODEL_NAME,VEHICLE_ID) values (84,11,7,'Corvette ',0);
Insert into CALISMAALANI.MODELS (ID,BRAND_ID,MODEL_ID,MODEL_NAME,VEHICLE_ID) values (85,11,8,'Cruze ',0);
Insert into CALISMAALANI.MODELS (ID,BRAND_ID,MODEL_ID,MODEL_NAME,VEHICLE_ID) values (86,11,9,'Epica',0);
Insert into CALISMAALANI.MODELS (ID,BRAND_ID,MODEL_ID,MODEL_NAME,VEHICLE_ID) values (87,11,10,'Evanda',0);
Insert into CALISMAALANI.MODELS (ID,BRAND_ID,MODEL_ID,MODEL_NAME,VEHICLE_ID) values (88,11,11,'Impala',0);
Insert into CALISMAALANI.MODELS (ID,BRAND_ID,MODEL_ID,MODEL_NAME,VEHICLE_ID) values (89,11,12,'Kalos ',0);
Insert into CALISMAALANI.MODELS (ID,BRAND_ID,MODEL_ID,MODEL_NAME,VEHICLE_ID) values (90,11,13,'Lacetti',0);
Insert into CALISMAALANI.MODELS (ID,BRAND_ID,MODEL_ID,MODEL_NAME,VEHICLE_ID) values (91,11,14,'Malibu',0);
Insert into CALISMAALANI.MODELS (ID,BRAND_ID,MODEL_ID,MODEL_NAME,VEHICLE_ID) values (92,11,15,'Monte Carlo',0);
Insert into CALISMAALANI.MODELS (ID,BRAND_ID,MODEL_ID,MODEL_NAME,VEHICLE_ID) values (93,11,16,'Rezzo ',0);
Insert into CALISMAALANI.MODELS (ID,BRAND_ID,MODEL_ID,MODEL_NAME,VEHICLE_ID) values (94,11,17,'Spark',0);
Insert into CALISMAALANI.MODELS (ID,BRAND_ID,MODEL_ID,MODEL_NAME,VEHICLE_ID) values (95,12,0,'200 C',0);
Insert into CALISMAALANI.MODELS (ID,BRAND_ID,MODEL_ID,MODEL_NAME,VEHICLE_ID) values (96,12,1,'300 C',0);
Insert into CALISMAALANI.MODELS (ID,BRAND_ID,MODEL_ID,MODEL_NAME,VEHICLE_ID) values (97,12,2,'300 M ',0);
Insert into CALISMAALANI.MODELS (ID,BRAND_ID,MODEL_ID,MODEL_NAME,VEHICLE_ID) values (98,12,3,'Concorde',0);
Insert into CALISMAALANI.MODELS (ID,BRAND_ID,MODEL_ID,MODEL_NAME,VEHICLE_ID) values (99,12,4,'Crossfire ',0);
Insert into CALISMAALANI.MODELS (ID,BRAND_ID,MODEL_ID,MODEL_NAME,VEHICLE_ID) values (100,12,5,'LHS ',0);
Insert into CALISMAALANI.MODELS (ID,BRAND_ID,MODEL_ID,MODEL_NAME,VEHICLE_ID) values (101,12,6,'Neon',0);
Insert into CALISMAALANI.MODELS (ID,BRAND_ID,MODEL_ID,MODEL_NAME,VEHICLE_ID) values (102,12,7,'PT Cruiser',0);
Insert into CALISMAALANI.MODELS (ID,BRAND_ID,MODEL_ID,MODEL_NAME,VEHICLE_ID) values (103,12,8,'Sebring',0);
Insert into CALISMAALANI.MODELS (ID,BRAND_ID,MODEL_ID,MODEL_NAME,VEHICLE_ID) values (104,12,9,'Stratus',0);
Insert into CALISMAALANI.MODELS (ID,BRAND_ID,MODEL_ID,MODEL_NAME,VEHICLE_ID) values (105,13,0,'C1',0);
Insert into CALISMAALANI.MODELS (ID,BRAND_ID,MODEL_ID,MODEL_NAME,VEHICLE_ID) values (106,13,1,'C2 ',0);
Insert into CALISMAALANI.MODELS (ID,BRAND_ID,MODEL_ID,MODEL_NAME,VEHICLE_ID) values (107,13,2,'C3 ',0);
Insert into CALISMAALANI.MODELS (ID,BRAND_ID,MODEL_ID,MODEL_NAME,VEHICLE_ID) values (108,13,3,'C3 Picasso',0);
Insert into CALISMAALANI.MODELS (ID,BRAND_ID,MODEL_ID,MODEL_NAME,VEHICLE_ID) values (109,13,4,'C4',0);
Insert into CALISMAALANI.MODELS (ID,BRAND_ID,MODEL_ID,MODEL_NAME,VEHICLE_ID) values (110,13,5,'C4 Grand Picasso ',0);
Insert into CALISMAALANI.MODELS (ID,BRAND_ID,MODEL_ID,MODEL_NAME,VEHICLE_ID) values (111,13,6,'C4 Picasso ',0);
Insert into CALISMAALANI.MODELS (ID,BRAND_ID,MODEL_ID,MODEL_NAME,VEHICLE_ID) values (112,13,7,'C5',0);
Insert into CALISMAALANI.MODELS (ID,BRAND_ID,MODEL_ID,MODEL_NAME,VEHICLE_ID) values (113,13,8,'C6 ',0);
Insert into CALISMAALANI.MODELS (ID,BRAND_ID,MODEL_ID,MODEL_NAME,VEHICLE_ID) values (114,13,9,'C8',0);
Insert into CALISMAALANI.MODELS (ID,BRAND_ID,MODEL_ID,MODEL_NAME,VEHICLE_ID) values (115,13,10,'C-Elysée',0);
Insert into CALISMAALANI.MODELS (ID,BRAND_ID,MODEL_ID,MODEL_NAME,VEHICLE_ID) values (116,13,11,'Saxo',0);
Insert into CALISMAALANI.MODELS (ID,BRAND_ID,MODEL_ID,MODEL_NAME,VEHICLE_ID) values (117,13,12,'Xsara',0);
Insert into CALISMAALANI.MODELS (ID,BRAND_ID,MODEL_ID,MODEL_NAME,VEHICLE_ID) values (118,13,13,'AX ',0);
Insert into CALISMAALANI.MODELS (ID,BRAND_ID,MODEL_ID,MODEL_NAME,VEHICLE_ID) values (119,13,14,'BX ',0);
Insert into CALISMAALANI.MODELS (ID,BRAND_ID,MODEL_ID,MODEL_NAME,VEHICLE_ID) values (120,13,15,'Evasion',0);
Insert into CALISMAALANI.MODELS (ID,BRAND_ID,MODEL_ID,MODEL_NAME,VEHICLE_ID) values (121,13,16,'Xantia',0);
Insert into CALISMAALANI.MODELS (ID,BRAND_ID,MODEL_ID,MODEL_NAME,VEHICLE_ID) values (122,13,17,'XM',0);
Insert into CALISMAALANI.MODELS (ID,BRAND_ID,MODEL_ID,MODEL_NAME,VEHICLE_ID) values (123,13,18,'ZX',0);
Insert into CALISMAALANI.MODELS (ID,BRAND_ID,MODEL_ID,MODEL_NAME,VEHICLE_ID) values (124,14,0,'Lodgy',0);
Insert into CALISMAALANI.MODELS (ID,BRAND_ID,MODEL_ID,MODEL_NAME,VEHICLE_ID) values (125,14,1,'Logan ',0);
Insert into CALISMAALANI.MODELS (ID,BRAND_ID,MODEL_ID,MODEL_NAME,VEHICLE_ID) values (126,14,2,'Sandero ',0);
Insert into CALISMAALANI.MODELS (ID,BRAND_ID,MODEL_ID,MODEL_NAME,VEHICLE_ID) values (127,14,3,'Solenza ',0);
Insert into CALISMAALANI.MODELS (ID,BRAND_ID,MODEL_ID,MODEL_NAME,VEHICLE_ID) values (128,15,0,'Chairman ',0);
Insert into CALISMAALANI.MODELS (ID,BRAND_ID,MODEL_ID,MODEL_NAME,VEHICLE_ID) values (129,15,1,'Nexia',0);
Insert into CALISMAALANI.MODELS (ID,BRAND_ID,MODEL_ID,MODEL_NAME,VEHICLE_ID) values (130,15,2,'Nubira ',0);
Insert into CALISMAALANI.MODELS (ID,BRAND_ID,MODEL_ID,MODEL_NAME,VEHICLE_ID) values (131,15,3,'Espero ',0);
Insert into CALISMAALANI.MODELS (ID,BRAND_ID,MODEL_ID,MODEL_NAME,VEHICLE_ID) values (132,15,4,'Lanos',0);
Insert into CALISMAALANI.MODELS (ID,BRAND_ID,MODEL_ID,MODEL_NAME,VEHICLE_ID) values (133,15,5,'Leganza',0);
Insert into CALISMAALANI.MODELS (ID,BRAND_ID,MODEL_ID,MODEL_NAME,VEHICLE_ID) values (134,15,6,'Matiz ',0);
Insert into CALISMAALANI.MODELS (ID,BRAND_ID,MODEL_ID,MODEL_NAME,VEHICLE_ID) values (135,15,7,'Racer',0);
Insert into CALISMAALANI.MODELS (ID,BRAND_ID,MODEL_ID,MODEL_NAME,VEHICLE_ID) values (136,15,8,'Super Saloon',0);
Insert into CALISMAALANI.MODELS (ID,BRAND_ID,MODEL_ID,MODEL_NAME,VEHICLE_ID) values (137,15,9,'Tico ',0);
Insert into CALISMAALANI.MODELS (ID,BRAND_ID,MODEL_ID,MODEL_NAME,VEHICLE_ID) values (138,16,0,'Cuore ',0);
Insert into CALISMAALANI.MODELS (ID,BRAND_ID,MODEL_ID,MODEL_NAME,VEHICLE_ID) values (139,16,1,'Materia',0);
Insert into CALISMAALANI.MODELS (ID,BRAND_ID,MODEL_ID,MODEL_NAME,VEHICLE_ID) values (140,16,2,'Move',0);
Insert into CALISMAALANI.MODELS (ID,BRAND_ID,MODEL_ID,MODEL_NAME,VEHICLE_ID) values (141,16,3,'Sirion ',0);
Insert into CALISMAALANI.MODELS (ID,BRAND_ID,MODEL_ID,MODEL_NAME,VEHICLE_ID) values (142,16,4,'Applause',0);
Insert into CALISMAALANI.MODELS (ID,BRAND_ID,MODEL_ID,MODEL_NAME,VEHICLE_ID) values (143,16,5,'Charade ',0);
Insert into CALISMAALANI.MODELS (ID,BRAND_ID,MODEL_ID,MODEL_NAME,VEHICLE_ID) values (144,16,6,'Copen',0);
Insert into CALISMAALANI.MODELS (ID,BRAND_ID,MODEL_ID,MODEL_NAME,VEHICLE_ID) values (145,16,7,'YRV ',0);
Insert into CALISMAALANI.MODELS (ID,BRAND_ID,MODEL_ID,MODEL_NAME,VEHICLE_ID) values (146,17,0,'Avenger ',0);
Insert into CALISMAALANI.MODELS (ID,BRAND_ID,MODEL_ID,MODEL_NAME,VEHICLE_ID) values (147,17,1,'Challenger ',0);
Insert into CALISMAALANI.MODELS (ID,BRAND_ID,MODEL_ID,MODEL_NAME,VEHICLE_ID) values (148,17,2,'Neon ',0);
Insert into CALISMAALANI.MODELS (ID,BRAND_ID,MODEL_ID,MODEL_NAME,VEHICLE_ID) values (149,17,3,'Charger',0);
Insert into CALISMAALANI.MODELS (ID,BRAND_ID,MODEL_ID,MODEL_NAME,VEHICLE_ID) values (150,18,0,'DS 3',0);
Insert into CALISMAALANI.MODELS (ID,BRAND_ID,MODEL_ID,MODEL_NAME,VEHICLE_ID) values (151,18,1,'DS 4 ',0);
Insert into CALISMAALANI.MODELS (ID,BRAND_ID,MODEL_ID,MODEL_NAME,VEHICLE_ID) values (152,18,2,'DS 4 Crossback',0);
Insert into CALISMAALANI.MODELS (ID,BRAND_ID,MODEL_ID,MODEL_NAME,VEHICLE_ID) values (153,18,3,'DS 5 ',0);
Insert into CALISMAALANI.MODELS (ID,BRAND_ID,MODEL_ID,MODEL_NAME,VEHICLE_ID) values (154,19,0,'360 ',0);
Insert into CALISMAALANI.MODELS (ID,BRAND_ID,MODEL_ID,MODEL_NAME,VEHICLE_ID) values (155,19,1,'430 ',0);
Insert into CALISMAALANI.MODELS (ID,BRAND_ID,MODEL_ID,MODEL_NAME,VEHICLE_ID) values (156,19,2,'458',0);
Insert into CALISMAALANI.MODELS (ID,BRAND_ID,MODEL_ID,MODEL_NAME,VEHICLE_ID) values (157,19,3,'488',0);
Insert into CALISMAALANI.MODELS (ID,BRAND_ID,MODEL_ID,MODEL_NAME,VEHICLE_ID) values (158,19,4,'512 ',0);
Insert into CALISMAALANI.MODELS (ID,BRAND_ID,MODEL_ID,MODEL_NAME,VEHICLE_ID) values (159,19,5,'550',0);
Insert into CALISMAALANI.MODELS (ID,BRAND_ID,MODEL_ID,MODEL_NAME,VEHICLE_ID) values (160,19,6,'575',0);
Insert into CALISMAALANI.MODELS (ID,BRAND_ID,MODEL_ID,MODEL_NAME,VEHICLE_ID) values (161,19,7,'599',0);
Insert into CALISMAALANI.MODELS (ID,BRAND_ID,MODEL_ID,MODEL_NAME,VEHICLE_ID) values (162,19,8,'612',0);
Insert into CALISMAALANI.MODELS (ID,BRAND_ID,MODEL_ID,MODEL_NAME,VEHICLE_ID) values (163,19,9,'812',0);
Insert into CALISMAALANI.MODELS (ID,BRAND_ID,MODEL_ID,MODEL_NAME,VEHICLE_ID) values (164,19,10,'California',0);
Insert into CALISMAALANI.MODELS (ID,BRAND_ID,MODEL_ID,MODEL_NAME,VEHICLE_ID) values (165,19,11,'F12',0);
Insert into CALISMAALANI.MODELS (ID,BRAND_ID,MODEL_ID,MODEL_NAME,VEHICLE_ID) values (166,19,12,'F355 ',0);
Insert into CALISMAALANI.MODELS (ID,BRAND_ID,MODEL_ID,MODEL_NAME,VEHICLE_ID) values (167,19,13,'F8',0);
Insert into CALISMAALANI.MODELS (ID,BRAND_ID,MODEL_ID,MODEL_NAME,VEHICLE_ID) values (168,19,14,'FF',0);
Insert into CALISMAALANI.MODELS (ID,BRAND_ID,MODEL_ID,MODEL_NAME,VEHICLE_ID) values (169,19,15,'Portofino',0);
Insert into CALISMAALANI.MODELS (ID,BRAND_ID,MODEL_ID,MODEL_NAME,VEHICLE_ID) values (170,20,0,'124 Spider ',0);
Insert into CALISMAALANI.MODELS (ID,BRAND_ID,MODEL_ID,MODEL_NAME,VEHICLE_ID) values (171,20,1,'126 Bis',0);
Insert into CALISMAALANI.MODELS (ID,BRAND_ID,MODEL_ID,MODEL_NAME,VEHICLE_ID) values (172,20,2,'500 Ailesi',0);
Insert into CALISMAALANI.MODELS (ID,BRAND_ID,MODEL_ID,MODEL_NAME,VEHICLE_ID) values (173,20,3,'Albea ',0);
Insert into CALISMAALANI.MODELS (ID,BRAND_ID,MODEL_ID,MODEL_NAME,VEHICLE_ID) values (174,20,4,'Brava',0);
Insert into CALISMAALANI.MODELS (ID,BRAND_ID,MODEL_ID,MODEL_NAME,VEHICLE_ID) values (175,20,5,'Bravo',0);
Insert into CALISMAALANI.MODELS (ID,BRAND_ID,MODEL_ID,MODEL_NAME,VEHICLE_ID) values (176,20,6,'Coupe',0);
Insert into CALISMAALANI.MODELS (ID,BRAND_ID,MODEL_ID,MODEL_NAME,VEHICLE_ID) values (177,20,7,'Croma',0);
Insert into CALISMAALANI.MODELS (ID,BRAND_ID,MODEL_ID,MODEL_NAME,VEHICLE_ID) values (178,20,8,'Egea ',0);
Insert into CALISMAALANI.MODELS (ID,BRAND_ID,MODEL_ID,MODEL_NAME,VEHICLE_ID) values (179,20,9,'Idea',0);
Insert into CALISMAALANI.MODELS (ID,BRAND_ID,MODEL_ID,MODEL_NAME,VEHICLE_ID) values (180,20,10,'Linea',0);
Insert into CALISMAALANI.MODELS (ID,BRAND_ID,MODEL_ID,MODEL_NAME,VEHICLE_ID) values (181,20,11,'Marea ',0);
Insert into CALISMAALANI.MODELS (ID,BRAND_ID,MODEL_ID,MODEL_NAME,VEHICLE_ID) values (182,20,12,'Multipla ',0);
Insert into CALISMAALANI.MODELS (ID,BRAND_ID,MODEL_ID,MODEL_NAME,VEHICLE_ID) values (183,20,13,'Palio ',0);
Insert into CALISMAALANI.MODELS (ID,BRAND_ID,MODEL_ID,MODEL_NAME,VEHICLE_ID) values (184,20,14,'Panda ',0);
Insert into CALISMAALANI.MODELS (ID,BRAND_ID,MODEL_ID,MODEL_NAME,VEHICLE_ID) values (185,20,15,'Punto ',0);
Insert into CALISMAALANI.MODELS (ID,BRAND_ID,MODEL_ID,MODEL_NAME,VEHICLE_ID) values (186,20,16,'Sedici',0);
Insert into CALISMAALANI.MODELS (ID,BRAND_ID,MODEL_ID,MODEL_NAME,VEHICLE_ID) values (187,20,17,'Siena ',0);
Insert into CALISMAALANI.MODELS (ID,BRAND_ID,MODEL_ID,MODEL_NAME,VEHICLE_ID) values (188,20,18,'Stilo ',0);
Insert into CALISMAALANI.MODELS (ID,BRAND_ID,MODEL_ID,MODEL_NAME,VEHICLE_ID) values (189,20,19,'Tempra',0);
Insert into CALISMAALANI.MODELS (ID,BRAND_ID,MODEL_ID,MODEL_NAME,VEHICLE_ID) values (190,20,20,'Tipo',0);
Insert into CALISMAALANI.MODELS (ID,BRAND_ID,MODEL_ID,MODEL_NAME,VEHICLE_ID) values (191,20,21,'Ulysse ',0);
Insert into CALISMAALANI.MODELS (ID,BRAND_ID,MODEL_ID,MODEL_NAME,VEHICLE_ID) values (192,20,22,'Uno',0);
Insert into CALISMAALANI.MODELS (ID,BRAND_ID,MODEL_ID,MODEL_NAME,VEHICLE_ID) values (193,21,0,'B-Max',0);
Insert into CALISMAALANI.MODELS (ID,BRAND_ID,MODEL_ID,MODEL_NAME,VEHICLE_ID) values (194,21,1,'C-Max ',0);
Insert into CALISMAALANI.MODELS (ID,BRAND_ID,MODEL_ID,MODEL_NAME,VEHICLE_ID) values (195,21,2,'Escort',0);
Insert into CALISMAALANI.MODELS (ID,BRAND_ID,MODEL_ID,MODEL_NAME,VEHICLE_ID) values (196,21,3,'Fiesta',0);
Insert into CALISMAALANI.MODELS (ID,BRAND_ID,MODEL_ID,MODEL_NAME,VEHICLE_ID) values (197,21,4,'Focus',0);
Insert into CALISMAALANI.MODELS (ID,BRAND_ID,MODEL_ID,MODEL_NAME,VEHICLE_ID) values (198,21,5,'Fusion',0);
Insert into CALISMAALANI.MODELS (ID,BRAND_ID,MODEL_ID,MODEL_NAME,VEHICLE_ID) values (199,21,6,'Galaxy',0);
Insert into CALISMAALANI.MODELS (ID,BRAND_ID,MODEL_ID,MODEL_NAME,VEHICLE_ID) values (200,21,7,'Grand C-Max',0);
Insert into CALISMAALANI.MODELS (ID,BRAND_ID,MODEL_ID,MODEL_NAME,VEHICLE_ID) values (201,21,8,'Ka',0);
Insert into CALISMAALANI.MODELS (ID,BRAND_ID,MODEL_ID,MODEL_NAME,VEHICLE_ID) values (202,21,9,'Mondeo ',0);
Insert into CALISMAALANI.MODELS (ID,BRAND_ID,MODEL_ID,MODEL_NAME,VEHICLE_ID) values (203,21,10,'Mustang',0);
Insert into CALISMAALANI.MODELS (ID,BRAND_ID,MODEL_ID,MODEL_NAME,VEHICLE_ID) values (204,21,11,'S-Max ',0);
Insert into CALISMAALANI.MODELS (ID,BRAND_ID,MODEL_ID,MODEL_NAME,VEHICLE_ID) values (205,21,12,'Taurus',0);
Insert into CALISMAALANI.MODELS (ID,BRAND_ID,MODEL_ID,MODEL_NAME,VEHICLE_ID) values (206,21,13,'Festiva',0);
Insert into CALISMAALANI.MODELS (ID,BRAND_ID,MODEL_ID,MODEL_NAME,VEHICLE_ID) values (207,21,14,'Granada ',0);
Insert into CALISMAALANI.MODELS (ID,BRAND_ID,MODEL_ID,MODEL_NAME,VEHICLE_ID) values (208,21,15,'Orion ',0);
Insert into CALISMAALANI.MODELS (ID,BRAND_ID,MODEL_ID,MODEL_NAME,VEHICLE_ID) values (209,21,16,'Probe ',0);
Insert into CALISMAALANI.MODELS (ID,BRAND_ID,MODEL_ID,MODEL_NAME,VEHICLE_ID) values (210,21,17,'Scorpio ',0);
Insert into CALISMAALANI.MODELS (ID,BRAND_ID,MODEL_ID,MODEL_NAME,VEHICLE_ID) values (211,21,18,'Sierra',0);
Insert into CALISMAALANI.MODELS (ID,BRAND_ID,MODEL_ID,MODEL_NAME,VEHICLE_ID) values (212,21,19,'Taunus',0);
Insert into CALISMAALANI.MODELS (ID,BRAND_ID,MODEL_ID,MODEL_NAME,VEHICLE_ID) values (213,22,0,'Echo',0);
Insert into CALISMAALANI.MODELS (ID,BRAND_ID,MODEL_ID,MODEL_NAME,VEHICLE_ID) values (214,22,1,'Emgrand ',0);
Insert into CALISMAALANI.MODELS (ID,BRAND_ID,MODEL_ID,MODEL_NAME,VEHICLE_ID) values (215,22,2,'Familia ',0);
Insert into CALISMAALANI.MODELS (ID,BRAND_ID,MODEL_ID,MODEL_NAME,VEHICLE_ID) values (216,22,3,'FC ',0);
Insert into CALISMAALANI.MODELS (ID,BRAND_ID,MODEL_ID,MODEL_NAME,VEHICLE_ID) values (217,23,0,'Accord',0);
Insert into CALISMAALANI.MODELS (ID,BRAND_ID,MODEL_ID,MODEL_NAME,VEHICLE_ID) values (218,23,1,'City ',0);
Insert into CALISMAALANI.MODELS (ID,BRAND_ID,MODEL_ID,MODEL_NAME,VEHICLE_ID) values (219,23,2,'Civic ',0);
Insert into CALISMAALANI.MODELS (ID,BRAND_ID,MODEL_ID,MODEL_NAME,VEHICLE_ID) values (220,23,3,'Concerto',0);
Insert into CALISMAALANI.MODELS (ID,BRAND_ID,MODEL_ID,MODEL_NAME,VEHICLE_ID) values (221,23,4,'CRX',0);
Insert into CALISMAALANI.MODELS (ID,BRAND_ID,MODEL_ID,MODEL_NAME,VEHICLE_ID) values (222,23,5,'CR-Z',0);
Insert into CALISMAALANI.MODELS (ID,BRAND_ID,MODEL_ID,MODEL_NAME,VEHICLE_ID) values (223,23,6,'Integra',0);
Insert into CALISMAALANI.MODELS (ID,BRAND_ID,MODEL_ID,MODEL_NAME,VEHICLE_ID) values (224,23,7,'Jazz',0);
Insert into CALISMAALANI.MODELS (ID,BRAND_ID,MODEL_ID,MODEL_NAME,VEHICLE_ID) values (225,23,8,'Legend',0);
Insert into CALISMAALANI.MODELS (ID,BRAND_ID,MODEL_ID,MODEL_NAME,VEHICLE_ID) values (226,23,9,'NSX',0);
Insert into CALISMAALANI.MODELS (ID,BRAND_ID,MODEL_ID,MODEL_NAME,VEHICLE_ID) values (227,23,10,'Prelude ',0);
Insert into CALISMAALANI.MODELS (ID,BRAND_ID,MODEL_ID,MODEL_NAME,VEHICLE_ID) values (228,23,11,'S2000',0);
Insert into CALISMAALANI.MODELS (ID,BRAND_ID,MODEL_ID,MODEL_NAME,VEHICLE_ID) values (229,23,12,'Shuttle',0);
Insert into CALISMAALANI.MODELS (ID,BRAND_ID,MODEL_ID,MODEL_NAME,VEHICLE_ID) values (230,23,13,'Stream ',0);
Insert into CALISMAALANI.MODELS (ID,BRAND_ID,MODEL_ID,MODEL_NAME,VEHICLE_ID) values (231,24,0,'Accent ',0);
Insert into CALISMAALANI.MODELS (ID,BRAND_ID,MODEL_ID,MODEL_NAME,VEHICLE_ID) values (232,24,1,'Accent Blue',0);
Insert into CALISMAALANI.MODELS (ID,BRAND_ID,MODEL_ID,MODEL_NAME,VEHICLE_ID) values (233,24,2,'Accent Era ',0);
Insert into CALISMAALANI.MODELS (ID,BRAND_ID,MODEL_ID,MODEL_NAME,VEHICLE_ID) values (234,24,3,'Atos',0);
Insert into CALISMAALANI.MODELS (ID,BRAND_ID,MODEL_ID,MODEL_NAME,VEHICLE_ID) values (235,24,4,'Centennial',0);
Insert into CALISMAALANI.MODELS (ID,BRAND_ID,MODEL_ID,MODEL_NAME,VEHICLE_ID) values (236,24,5,'Coupe ',0);
Insert into CALISMAALANI.MODELS (ID,BRAND_ID,MODEL_ID,MODEL_NAME,VEHICLE_ID) values (237,24,6,'Elantra ',0);
Insert into CALISMAALANI.MODELS (ID,BRAND_ID,MODEL_ID,MODEL_NAME,VEHICLE_ID) values (238,24,7,'Excel',0);
Insert into CALISMAALANI.MODELS (ID,BRAND_ID,MODEL_ID,MODEL_NAME,VEHICLE_ID) values (239,24,8,'Genesis ',0);
Insert into CALISMAALANI.MODELS (ID,BRAND_ID,MODEL_ID,MODEL_NAME,VEHICLE_ID) values (240,24,9,'Getz ',0);
Insert into CALISMAALANI.MODELS (ID,BRAND_ID,MODEL_ID,MODEL_NAME,VEHICLE_ID) values (241,24,10,'Grandeur',0);
Insert into CALISMAALANI.MODELS (ID,BRAND_ID,MODEL_ID,MODEL_NAME,VEHICLE_ID) values (242,24,11,'Ioniq',0);
Insert into CALISMAALANI.MODELS (ID,BRAND_ID,MODEL_ID,MODEL_NAME,VEHICLE_ID) values (243,24,12,'i10 ',0);
Insert into CALISMAALANI.MODELS (ID,BRAND_ID,MODEL_ID,MODEL_NAME,VEHICLE_ID) values (244,24,13,'i20 ',0);
Insert into CALISMAALANI.MODELS (ID,BRAND_ID,MODEL_ID,MODEL_NAME,VEHICLE_ID) values (245,24,14,'i20 Active ',0);
Insert into CALISMAALANI.MODELS (ID,BRAND_ID,MODEL_ID,MODEL_NAME,VEHICLE_ID) values (246,24,15,'i20 Troy',0);
Insert into CALISMAALANI.MODELS (ID,BRAND_ID,MODEL_ID,MODEL_NAME,VEHICLE_ID) values (247,24,16,'i30',0);
Insert into CALISMAALANI.MODELS (ID,BRAND_ID,MODEL_ID,MODEL_NAME,VEHICLE_ID) values (248,24,17,'i40',0);
Insert into CALISMAALANI.MODELS (ID,BRAND_ID,MODEL_ID,MODEL_NAME,VEHICLE_ID) values (249,24,18,'iX20',0);
Insert into CALISMAALANI.MODELS (ID,BRAND_ID,MODEL_ID,MODEL_NAME,VEHICLE_ID) values (250,24,19,'Matrix',0);
Insert into CALISMAALANI.MODELS (ID,BRAND_ID,MODEL_ID,MODEL_NAME,VEHICLE_ID) values (251,24,20,'Santamo',0);
Insert into CALISMAALANI.MODELS (ID,BRAND_ID,MODEL_ID,MODEL_NAME,VEHICLE_ID) values (252,24,21,'S-Coupe ',0);
Insert into CALISMAALANI.MODELS (ID,BRAND_ID,MODEL_ID,MODEL_NAME,VEHICLE_ID) values (253,24,22,'Sonata ',0);
Insert into CALISMAALANI.MODELS (ID,BRAND_ID,MODEL_ID,MODEL_NAME,VEHICLE_ID) values (254,24,23,'Trajet',0);
Insert into CALISMAALANI.MODELS (ID,BRAND_ID,MODEL_ID,MODEL_NAME,VEHICLE_ID) values (255,25,0,'Samand',0);
Insert into CALISMAALANI.MODELS (ID,BRAND_ID,MODEL_ID,MODEL_NAME,VEHICLE_ID) values (256,26,0,'Q30',0);
Insert into CALISMAALANI.MODELS (ID,BRAND_ID,MODEL_ID,MODEL_NAME,VEHICLE_ID) values (257,26,1,'Q50',0);
Insert into CALISMAALANI.MODELS (ID,BRAND_ID,MODEL_ID,MODEL_NAME,VEHICLE_ID) values (258,26,2,'Q60',0);
Insert into CALISMAALANI.MODELS (ID,BRAND_ID,MODEL_ID,MODEL_NAME,VEHICLE_ID) values (259,26,3,'G',0);
Insert into CALISMAALANI.MODELS (ID,BRAND_ID,MODEL_ID,MODEL_NAME,VEHICLE_ID) values (260,26,4,'I30',0);
Insert into CALISMAALANI.MODELS (ID,BRAND_ID,MODEL_ID,MODEL_NAME,VEHICLE_ID) values (261,27,0,'Gemini',0);
Insert into CALISMAALANI.MODELS (ID,BRAND_ID,MODEL_ID,MODEL_NAME,VEHICLE_ID) values (262,28,0,'Daimler',0);
Insert into CALISMAALANI.MODELS (ID,BRAND_ID,MODEL_ID,MODEL_NAME,VEHICLE_ID) values (263,28,1,'F-Type',0);
Insert into CALISMAALANI.MODELS (ID,BRAND_ID,MODEL_ID,MODEL_NAME,VEHICLE_ID) values (264,28,2,'Sovereign',0);
Insert into CALISMAALANI.MODELS (ID,BRAND_ID,MODEL_ID,MODEL_NAME,VEHICLE_ID) values (265,28,3,'S-Type',0);
Insert into CALISMAALANI.MODELS (ID,BRAND_ID,MODEL_ID,MODEL_NAME,VEHICLE_ID) values (266,28,4,'XE',0);
Insert into CALISMAALANI.MODELS (ID,BRAND_ID,MODEL_ID,MODEL_NAME,VEHICLE_ID) values (267,28,5,'XF',0);
Insert into CALISMAALANI.MODELS (ID,BRAND_ID,MODEL_ID,MODEL_NAME,VEHICLE_ID) values (268,28,6,'XJ ',0);
Insert into CALISMAALANI.MODELS (ID,BRAND_ID,MODEL_ID,MODEL_NAME,VEHICLE_ID) values (269,28,7,'XJR',0);
Insert into CALISMAALANI.MODELS (ID,BRAND_ID,MODEL_ID,MODEL_NAME,VEHICLE_ID) values (270,28,8,'XJS',0);
Insert into CALISMAALANI.MODELS (ID,BRAND_ID,MODEL_ID,MODEL_NAME,VEHICLE_ID) values (271,28,9,'XK8',0);
Insert into CALISMAALANI.MODELS (ID,BRAND_ID,MODEL_ID,MODEL_NAME,VEHICLE_ID) values (272,28,10,'XKR',0);
Insert into CALISMAALANI.MODELS (ID,BRAND_ID,MODEL_ID,MODEL_NAME,VEHICLE_ID) values (273,28,11,'X-Type',0);
Insert into CALISMAALANI.MODELS (ID,BRAND_ID,MODEL_ID,MODEL_NAME,VEHICLE_ID) values (274,29,0,'Capital',0);
Insert into CALISMAALANI.MODELS (ID,BRAND_ID,MODEL_ID,MODEL_NAME,VEHICLE_ID) values (275,29,1,'Carens ',0);
Insert into CALISMAALANI.MODELS (ID,BRAND_ID,MODEL_ID,MODEL_NAME,VEHICLE_ID) values (276,29,2,'Carnival',0);
Insert into CALISMAALANI.MODELS (ID,BRAND_ID,MODEL_ID,MODEL_NAME,VEHICLE_ID) values (277,29,3,'Ceed',0);
Insert into CALISMAALANI.MODELS (ID,BRAND_ID,MODEL_ID,MODEL_NAME,VEHICLE_ID) values (278,29,4,'Cerato',0);
Insert into CALISMAALANI.MODELS (ID,BRAND_ID,MODEL_ID,MODEL_NAME,VEHICLE_ID) values (279,29,5,'Clarus',0);
Insert into CALISMAALANI.MODELS (ID,BRAND_ID,MODEL_ID,MODEL_NAME,VEHICLE_ID) values (280,29,6,'Magentis',0);
Insert into CALISMAALANI.MODELS (ID,BRAND_ID,MODEL_ID,MODEL_NAME,VEHICLE_ID) values (281,29,7,'Opirus ',0);
Insert into CALISMAALANI.MODELS (ID,BRAND_ID,MODEL_ID,MODEL_NAME,VEHICLE_ID) values (282,29,8,'Optima ',0);
Insert into CALISMAALANI.MODELS (ID,BRAND_ID,MODEL_ID,MODEL_NAME,VEHICLE_ID) values (283,29,9,'Picanto',0);
Insert into CALISMAALANI.MODELS (ID,BRAND_ID,MODEL_ID,MODEL_NAME,VEHICLE_ID) values (284,29,10,'Pride ',0);
Insert into CALISMAALANI.MODELS (ID,BRAND_ID,MODEL_ID,MODEL_NAME,VEHICLE_ID) values (285,29,11,'Pro Ceed',0);
Insert into CALISMAALANI.MODELS (ID,BRAND_ID,MODEL_ID,MODEL_NAME,VEHICLE_ID) values (286,29,12,'Rio',0);
Insert into CALISMAALANI.MODELS (ID,BRAND_ID,MODEL_ID,MODEL_NAME,VEHICLE_ID) values (287,29,13,'Sephia ',0);
Insert into CALISMAALANI.MODELS (ID,BRAND_ID,MODEL_ID,MODEL_NAME,VEHICLE_ID) values (288,29,14,'Shuma ',0);
Insert into CALISMAALANI.MODELS (ID,BRAND_ID,MODEL_ID,MODEL_NAME,VEHICLE_ID) values (289,29,15,'Stinger',0);
Insert into CALISMAALANI.MODELS (ID,BRAND_ID,MODEL_ID,MODEL_NAME,VEHICLE_ID) values (290,29,16,'Venga',0);
Insert into CALISMAALANI.MODELS (ID,BRAND_ID,MODEL_ID,MODEL_NAME,VEHICLE_ID) values (291,30,0,'Kalina',0);
Insert into CALISMAALANI.MODELS (ID,BRAND_ID,MODEL_ID,MODEL_NAME,VEHICLE_ID) values (292,30,1,'Nova',0);
Insert into CALISMAALANI.MODELS (ID,BRAND_ID,MODEL_ID,MODEL_NAME,VEHICLE_ID) values (293,30,2,'Samara',0);
Insert into CALISMAALANI.MODELS (ID,BRAND_ID,MODEL_ID,MODEL_NAME,VEHICLE_ID) values (294,30,3,'VAZ',0);
Insert into CALISMAALANI.MODELS (ID,BRAND_ID,MODEL_ID,MODEL_NAME,VEHICLE_ID) values (295,30,4,'Vega',0);
Insert into CALISMAALANI.MODELS (ID,BRAND_ID,MODEL_ID,MODEL_NAME,VEHICLE_ID) values (296,31,0,'Aventador',0);
Insert into CALISMAALANI.MODELS (ID,BRAND_ID,MODEL_ID,MODEL_NAME,VEHICLE_ID) values (297,31,1,'Gallardo ',0);
Insert into CALISMAALANI.MODELS (ID,BRAND_ID,MODEL_ID,MODEL_NAME,VEHICLE_ID) values (298,31,2,'Huracan',0);
Insert into CALISMAALANI.MODELS (ID,BRAND_ID,MODEL_ID,MODEL_NAME,VEHICLE_ID) values (299,32,0,'Delta',0);
Insert into CALISMAALANI.MODELS (ID,BRAND_ID,MODEL_ID,MODEL_NAME,VEHICLE_ID) values (300,32,1,'Thema',0);
Insert into CALISMAALANI.MODELS (ID,BRAND_ID,MODEL_ID,MODEL_NAME,VEHICLE_ID) values (301,32,2,'Y ( Ypsilon )',0);
Insert into CALISMAALANI.MODELS (ID,BRAND_ID,MODEL_ID,MODEL_NAME,VEHICLE_ID) values (302,32,3,'Kappa ',0);
Insert into CALISMAALANI.MODELS (ID,BRAND_ID,MODEL_ID,MODEL_NAME,VEHICLE_ID) values (303,32,4,'Thesis',0);
Insert into CALISMAALANI.MODELS (ID,BRAND_ID,MODEL_ID,MODEL_NAME,VEHICLE_ID) values (304,32,5,'Zeta',0);
Insert into CALISMAALANI.MODELS (ID,BRAND_ID,MODEL_ID,MODEL_NAME,VEHICLE_ID) values (305,33,0,'CT',0);
Insert into CALISMAALANI.MODELS (ID,BRAND_ID,MODEL_ID,MODEL_NAME,VEHICLE_ID) values (306,33,1,'ES',0);
Insert into CALISMAALANI.MODELS (ID,BRAND_ID,MODEL_ID,MODEL_NAME,VEHICLE_ID) values (307,33,2,'GS',0);
Insert into CALISMAALANI.MODELS (ID,BRAND_ID,MODEL_ID,MODEL_NAME,VEHICLE_ID) values (308,33,3,'LS',0);
Insert into CALISMAALANI.MODELS (ID,BRAND_ID,MODEL_ID,MODEL_NAME,VEHICLE_ID) values (309,33,4,'RC ',0);
Insert into CALISMAALANI.MODELS (ID,BRAND_ID,MODEL_ID,MODEL_NAME,VEHICLE_ID) values (310,33,5,'SC ',0);
REM INSERTING into CALISMAALANI.TYPES
SET DEFINE OFF;
Insert into CALISMAALANI.TYPES (ID,TYPE_ID,TYPE_NAME,VEHICLE_ID) values (22,2,'Yar? Entegre',3);
Insert into CALISMAALANI.TYPES (ID,TYPE_ID,TYPE_NAME,VEHICLE_ID) values (0,0,'Cabrio',0);
Insert into CALISMAALANI.TYPES (ID,TYPE_ID,TYPE_NAME,VEHICLE_ID) values (1,1,'Coupe',0);
Insert into CALISMAALANI.TYPES (ID,TYPE_ID,TYPE_NAME,VEHICLE_ID) values (2,2,'Hatchback 3 kap?',0);
Insert into CALISMAALANI.TYPES (ID,TYPE_ID,TYPE_NAME,VEHICLE_ID) values (3,3,'Hatchback 5 kap?',0);
Insert into CALISMAALANI.TYPES (ID,TYPE_ID,TYPE_NAME,VEHICLE_ID) values (4,4,'Sedan',0);
Insert into CALISMAALANI.TYPES (ID,TYPE_ID,TYPE_NAME,VEHICLE_ID) values (5,5,'Station Wagon',0);
Insert into CALISMAALANI.TYPES (ID,TYPE_ID,TYPE_NAME,VEHICLE_ID) values (6,6,'Crossover',0);
Insert into CALISMAALANI.TYPES (ID,TYPE_ID,TYPE_NAME,VEHICLE_ID) values (7,7,'MPV',0);
Insert into CALISMAALANI.TYPES (ID,TYPE_ID,TYPE_NAME,VEHICLE_ID) values (8,8,'Roadster',0);
Insert into CALISMAALANI.TYPES (ID,TYPE_ID,TYPE_NAME,VEHICLE_ID) values (9,0,'Cabrio',1);
Insert into CALISMAALANI.TYPES (ID,TYPE_ID,TYPE_NAME,VEHICLE_ID) values (10,1,'Coupe',1);
Insert into CALISMAALANI.TYPES (ID,TYPE_ID,TYPE_NAME,VEHICLE_ID) values (11,2,'Crossover',1);
Insert into CALISMAALANI.TYPES (ID,TYPE_ID,TYPE_NAME,VEHICLE_ID) values (12,3,'Hard top',1);
Insert into CALISMAALANI.TYPES (ID,TYPE_ID,TYPE_NAME,VEHICLE_ID) values (13,4,'Pickup',1);
Insert into CALISMAALANI.TYPES (ID,TYPE_ID,TYPE_NAME,VEHICLE_ID) values (14,5,'SUV',1);
Insert into CALISMAALANI.TYPES (ID,TYPE_ID,TYPE_NAME,VEHICLE_ID) values (15,0,'Caml? Van',2);
Insert into CALISMAALANI.TYPES (ID,TYPE_ID,TYPE_NAME,VEHICLE_ID) values (16,1,'Yar?m Caml? Van',2);
Insert into CALISMAALANI.TYPES (ID,TYPE_ID,TYPE_NAME,VEHICLE_ID) values (17,2,'Panel Van',2);
Insert into CALISMAALANI.TYPES (ID,TYPE_ID,TYPE_NAME,VEHICLE_ID) values (18,3,'Frigorifik Panel Van',2);
Insert into CALISMAALANI.TYPES (ID,TYPE_ID,TYPE_NAME,VEHICLE_ID) values (19,4,'Minibüs',2);
Insert into CALISMAALANI.TYPES (ID,TYPE_ID,TYPE_NAME,VEHICLE_ID) values (20,0,'Alkovenli (Yapma Kasa)',3);
Insert into CALISMAALANI.TYPES (ID,TYPE_ID,TYPE_NAME,VEHICLE_ID) values (21,1,'Panelvan (Camper)',3);
REM INSERTING into CALISMAALANI.USERS
SET DEFINE OFF;
Insert into CALISMAALANI.USERS (ID,ACTIVE,CREATE_DATE,EMAIL,KEYREG,NAME,PASSWORD,PHONE,SURNAME) values (61,1,to_timestamp('30-MAY-20 08.43.13.112000000 PM','DD-MON-RR HH.MI.SSXFF AM'),'m06kaplan@hotmail.com','72e862f3-321c-4f8b-842f-03b0e9162b29','Ahmet','1','5534252655','Özdemir');
Insert into CALISMAALANI.USERS (ID,ACTIVE,CREATE_DATE,EMAIL,KEYREG,NAME,PASSWORD,PHONE,SURNAME) values (101,1,to_timestamp('15-JUN-20 03.30.36.216000000 PM','DD-MON-RR HH.MI.SSXFF AM'),'mustafadeneme@yopmail.com','b434b640-d57a-4f7a-91a1-3964f15a917f','dsfndsv','123','5456465454','dshfjsd');
Insert into CALISMAALANI.USERS (ID,ACTIVE,CREATE_DATE,EMAIL,KEYREG,NAME,PASSWORD,PHONE,SURNAME) values (74,1,to_timestamp('31-MAY-20 12.53.07.862000000 AM','DD-MON-RR HH.MI.SSXFF AM'),'mehmetyildiz@yopmail.com','580a98a6-baa1-4f64-9484-355f8602a865','Mehmet','1','5456932557','YILDIZ');
Insert into CALISMAALANI.USERS (ID,ACTIVE,CREATE_DATE,EMAIL,KEYREG,NAME,PASSWORD,PHONE,SURNAME) values (13,1,to_timestamp('25-MAY-20 09.53.07.285000000 PM','DD-MON-RR HH.MI.SSXFF AM'),'mustafakaplantx@gmail.com','b85cc826-cadf-4dc5-bea5-e3a170ed3681','Mustafa','1','5467261177','KAPLAN');
Insert into CALISMAALANI.USERS (ID,ACTIVE,CREATE_DATE,EMAIL,KEYREG,NAME,PASSWORD,PHONE,SURNAME) values (0,1,null,'aracdeposu@gmail.com',null,'Araç Deposu','1','3122028942','Admin');
Insert into CALISMAALANI.USERS (ID,ACTIVE,CREATE_DATE,EMAIL,KEYREG,NAME,PASSWORD,PHONE,SURNAME) values (93,0,to_timestamp('08-JUN-20 10.35.14.044000000 PM','DD-MON-RR HH.MI.SSXFF AM'),'phototripdestek@gmail.com','05436c83-ce5a-4c5b-b579-e27557c92731','Ali','12345','5632563254','Veli');
REM INSERTING into CALISMAALANI.VEHICLES
SET DEFINE OFF;
Insert into CALISMAALANI.VEHICLES (ID,TYPE) values (0,'Otomobil');
Insert into CALISMAALANI.VEHICLES (ID,TYPE) values (1,'Arazi, SUV & Pickup');
Insert into CALISMAALANI.VEHICLES (ID,TYPE) values (3,'Karavan');
Insert into CALISMAALANI.VEHICLES (ID,TYPE) values (2,'Minivan & Panelvan');
--------------------------------------------------------
--  DDL for Index APEX$_WS_LINKS_IDX2
--------------------------------------------------------

  CREATE INDEX "CALISMAALANI"."APEX$_WS_LINKS_IDX2" ON "CALISMAALANI"."APEX$_WS_LINKS" ("WS_APP_ID", "WEBPAGE_ID") 
  PCTFREE 10 INITRANS 2 MAXTRANS 255 COMPUTE STATISTICS 
  STORAGE(INITIAL 65536 NEXT 1048576 MINEXTENTS 1 MAXEXTENTS 2147483645
  PCTINCREASE 0 FREELISTS 1 FREELIST GROUPS 1 BUFFER_POOL DEFAULT FLASH_CACHE DEFAULT CELL_FLASH_CACHE DEFAULT)
  TABLESPACE "USERS" ;
--------------------------------------------------------
--  DDL for Index DEMO_CUSTOMERS_PK
--------------------------------------------------------

  CREATE UNIQUE INDEX "CALISMAALANI"."DEMO_CUSTOMERS_PK" ON "CALISMAALANI"."DEMO_CUSTOMERS" ("CUSTOMER_ID") 
  PCTFREE 10 INITRANS 2 MAXTRANS 255 COMPUTE STATISTICS 
  STORAGE(INITIAL 65536 NEXT 1048576 MINEXTENTS 1 MAXEXTENTS 2147483645
  PCTINCREASE 0 FREELISTS 1 FREELIST GROUPS 1 BUFFER_POOL DEFAULT FLASH_CACHE DEFAULT CELL_FLASH_CACHE DEFAULT)
  TABLESPACE "USERS" ;
--------------------------------------------------------
--  DDL for Index APEX$_WS_TAGS_IDX2
--------------------------------------------------------

  CREATE INDEX "CALISMAALANI"."APEX$_WS_TAGS_IDX2" ON "CALISMAALANI"."APEX$_WS_TAGS" ("WS_APP_ID", "WEBPAGE_ID") 
  PCTFREE 10 INITRANS 2 MAXTRANS 255 COMPUTE STATISTICS 
  STORAGE(INITIAL 65536 NEXT 1048576 MINEXTENTS 1 MAXEXTENTS 2147483645
  PCTINCREASE 0 FREELISTS 1 FREELIST GROUPS 1 BUFFER_POOL DEFAULT FLASH_CACHE DEFAULT CELL_FLASH_CACHE DEFAULT)
  TABLESPACE "USERS" ;
--------------------------------------------------------
--  DDL for Index APEX$_WS_ROWS_PK
--------------------------------------------------------

  CREATE UNIQUE INDEX "CALISMAALANI"."APEX$_WS_ROWS_PK" ON "CALISMAALANI"."APEX$_WS_ROWS" ("ID") 
  PCTFREE 10 INITRANS 2 MAXTRANS 255 COMPUTE STATISTICS 
  STORAGE(INITIAL 65536 NEXT 1048576 MINEXTENTS 1 MAXEXTENTS 2147483645
  PCTINCREASE 0 FREELISTS 1 FREELIST GROUPS 1 BUFFER_POOL DEFAULT FLASH_CACHE DEFAULT CELL_FLASH_CACHE DEFAULT)
  TABLESPACE "USERS" ;
--------------------------------------------------------
--  DDL for Index APEX$_WS_FILES_IDX2
--------------------------------------------------------

  CREATE INDEX "CALISMAALANI"."APEX$_WS_FILES_IDX2" ON "CALISMAALANI"."APEX$_WS_FILES" ("WS_APP_ID", "WEBPAGE_ID") 
  PCTFREE 10 INITRANS 2 MAXTRANS 255 COMPUTE STATISTICS 
  STORAGE(INITIAL 65536 NEXT 1048576 MINEXTENTS 1 MAXEXTENTS 2147483645
  PCTINCREASE 0 FREELISTS 1 FREELIST GROUPS 1 BUFFER_POOL DEFAULT FLASH_CACHE DEFAULT CELL_FLASH_CACHE DEFAULT)
  TABLESPACE "USERS" ;
--------------------------------------------------------
--  DDL for Index DEMO_ORD_CUSTOMER_IX
--------------------------------------------------------

  CREATE INDEX "CALISMAALANI"."DEMO_ORD_CUSTOMER_IX" ON "CALISMAALANI"."DEMO_ORDERS" ("CUSTOMER_ID") 
  PCTFREE 10 INITRANS 2 MAXTRANS 255 COMPUTE STATISTICS 
  STORAGE(INITIAL 65536 NEXT 1048576 MINEXTENTS 1 MAXEXTENTS 2147483645
  PCTINCREASE 0 FREELISTS 1 FREELIST GROUPS 1 BUFFER_POOL DEFAULT FLASH_CACHE DEFAULT CELL_FLASH_CACHE DEFAULT)
  TABLESPACE "USERS" ;
--------------------------------------------------------
--  DDL for Index APEX$_WS_TAGS_IDX1
--------------------------------------------------------

  CREATE INDEX "CALISMAALANI"."APEX$_WS_TAGS_IDX1" ON "CALISMAALANI"."APEX$_WS_TAGS" ("WS_APP_ID", "DATA_GRID_ID", "ROW_ID") 
  PCTFREE 10 INITRANS 2 MAXTRANS 255 COMPUTE STATISTICS 
  STORAGE(INITIAL 65536 NEXT 1048576 MINEXTENTS 1 MAXEXTENTS 2147483645
  PCTINCREASE 0 FREELISTS 1 FREELIST GROUPS 1 BUFFER_POOL DEFAULT FLASH_CACHE DEFAULT CELL_FLASH_CACHE DEFAULT)
  TABLESPACE "USERS" ;
--------------------------------------------------------
--  DDL for Index DEMO_ORDER_PK
--------------------------------------------------------

  CREATE UNIQUE INDEX "CALISMAALANI"."DEMO_ORDER_PK" ON "CALISMAALANI"."DEMO_ORDERS" ("ORDER_ID") 
  PCTFREE 10 INITRANS 2 MAXTRANS 255 COMPUTE STATISTICS 
  STORAGE(INITIAL 65536 NEXT 1048576 MINEXTENTS 1 MAXEXTENTS 2147483645
  PCTINCREASE 0 FREELISTS 1 FREELIST GROUPS 1 BUFFER_POOL DEFAULT FLASH_CACHE DEFAULT CELL_FLASH_CACHE DEFAULT)
  TABLESPACE "USERS" ;
--------------------------------------------------------
--  DDL for Index DEMO_USERS_PK
--------------------------------------------------------

  CREATE UNIQUE INDEX "CALISMAALANI"."DEMO_USERS_PK" ON "CALISMAALANI"."DEMO_USERS" ("USER_ID") 
  PCTFREE 10 INITRANS 2 MAXTRANS 255 COMPUTE STATISTICS 
  STORAGE(INITIAL 65536 NEXT 1048576 MINEXTENTS 1 MAXEXTENTS 2147483645
  PCTINCREASE 0 FREELISTS 1 FREELIST GROUPS 1 BUFFER_POOL DEFAULT FLASH_CACHE DEFAULT CELL_FLASH_CACHE DEFAULT)
  TABLESPACE "USERS" ;
--------------------------------------------------------
--  DDL for Index APEX$_WS_TAGS_PK
--------------------------------------------------------

  CREATE UNIQUE INDEX "CALISMAALANI"."APEX$_WS_TAGS_PK" ON "CALISMAALANI"."APEX$_WS_TAGS" ("ID") 
  PCTFREE 10 INITRANS 2 MAXTRANS 255 COMPUTE STATISTICS 
  STORAGE(INITIAL 65536 NEXT 1048576 MINEXTENTS 1 MAXEXTENTS 2147483645
  PCTINCREASE 0 FREELISTS 1 FREELIST GROUPS 1 BUFFER_POOL DEFAULT FLASH_CACHE DEFAULT CELL_FLASH_CACHE DEFAULT)
  TABLESPACE "USERS" ;
--------------------------------------------------------
--  DDL for Index DEMO_CUST_NAME_IX
--------------------------------------------------------

  CREATE INDEX "CALISMAALANI"."DEMO_CUST_NAME_IX" ON "CALISMAALANI"."DEMO_CUSTOMERS" ("CUST_LAST_NAME", "CUST_FIRST_NAME") 
  PCTFREE 10 INITRANS 2 MAXTRANS 255 COMPUTE STATISTICS 
  STORAGE(INITIAL 65536 NEXT 1048576 MINEXTENTS 1 MAXEXTENTS 2147483645
  PCTINCREASE 0 FREELISTS 1 FREELIST GROUPS 1 BUFFER_POOL DEFAULT FLASH_CACHE DEFAULT CELL_FLASH_CACHE DEFAULT)
  TABLESPACE "USERS" ;
--------------------------------------------------------
--  DDL for Index APEX$_WS_LINKS_PK
--------------------------------------------------------

  CREATE UNIQUE INDEX "CALISMAALANI"."APEX$_WS_LINKS_PK" ON "CALISMAALANI"."APEX$_WS_LINKS" ("ID") 
  PCTFREE 10 INITRANS 2 MAXTRANS 255 COMPUTE STATISTICS 
  STORAGE(INITIAL 65536 NEXT 1048576 MINEXTENTS 1 MAXEXTENTS 2147483645
  PCTINCREASE 0 FREELISTS 1 FREELIST GROUPS 1 BUFFER_POOL DEFAULT FLASH_CACHE DEFAULT CELL_FLASH_CACHE DEFAULT)
  TABLESPACE "USERS" ;
--------------------------------------------------------
--  DDL for Index APEX$_WS_FILES_IDX1
--------------------------------------------------------

  CREATE INDEX "CALISMAALANI"."APEX$_WS_FILES_IDX1" ON "CALISMAALANI"."APEX$_WS_FILES" ("WS_APP_ID", "DATA_GRID_ID", "ROW_ID") 
  PCTFREE 10 INITRANS 2 MAXTRANS 255 COMPUTE STATISTICS 
  STORAGE(INITIAL 65536 NEXT 1048576 MINEXTENTS 1 MAXEXTENTS 2147483645
  PCTINCREASE 0 FREELISTS 1 FREELIST GROUPS 1 BUFFER_POOL DEFAULT FLASH_CACHE DEFAULT CELL_FLASH_CACHE DEFAULT)
  TABLESPACE "USERS" ;
--------------------------------------------------------
--  DDL for Index APEX$_WS_HISTORY_IDX
--------------------------------------------------------

  CREATE INDEX "CALISMAALANI"."APEX$_WS_HISTORY_IDX" ON "CALISMAALANI"."APEX$_WS_HISTORY" ("WS_APP_ID", "DATA_GRID_ID", "ROW_ID") 
  PCTFREE 10 INITRANS 2 MAXTRANS 255 COMPUTE STATISTICS 
  STORAGE(INITIAL 65536 NEXT 1048576 MINEXTENTS 1 MAXEXTENTS 2147483645
  PCTINCREASE 0 FREELISTS 1 FREELIST GROUPS 1 BUFFER_POOL DEFAULT FLASH_CACHE DEFAULT CELL_FLASH_CACHE DEFAULT)
  TABLESPACE "USERS" ;
--------------------------------------------------------
--  DDL for Index APEX$_ACL_IDX1
--------------------------------------------------------

  CREATE INDEX "CALISMAALANI"."APEX$_ACL_IDX1" ON "CALISMAALANI"."APEX$_ACL" ("WS_APP_ID") 
  PCTFREE 10 INITRANS 2 MAXTRANS 255 COMPUTE STATISTICS 
  STORAGE(INITIAL 65536 NEXT 1048576 MINEXTENTS 1 MAXEXTENTS 2147483645
  PCTINCREASE 0 FREELISTS 1 FREELIST GROUPS 1 BUFFER_POOL DEFAULT FLASH_CACHE DEFAULT CELL_FLASH_CACHE DEFAULT)
  TABLESPACE "USERS" ;
--------------------------------------------------------
--  DDL for Index APEX$_WS_LINKS_IDX1
--------------------------------------------------------

  CREATE INDEX "CALISMAALANI"."APEX$_WS_LINKS_IDX1" ON "CALISMAALANI"."APEX$_WS_LINKS" ("WS_APP_ID", "DATA_GRID_ID", "ROW_ID") 
  PCTFREE 10 INITRANS 2 MAXTRANS 255 COMPUTE STATISTICS 
  STORAGE(INITIAL 65536 NEXT 1048576 MINEXTENTS 1 MAXEXTENTS 2147483645
  PCTINCREASE 0 FREELISTS 1 FREELIST GROUPS 1 BUFFER_POOL DEFAULT FLASH_CACHE DEFAULT CELL_FLASH_CACHE DEFAULT)
  TABLESPACE "USERS" ;
--------------------------------------------------------
--  DDL for Index APEX$_WS_NOTES_IDX2
--------------------------------------------------------

  CREATE INDEX "CALISMAALANI"."APEX$_WS_NOTES_IDX2" ON "CALISMAALANI"."APEX$_WS_NOTES" ("WS_APP_ID", "WEBPAGE_ID") 
  PCTFREE 10 INITRANS 2 MAXTRANS 255 COMPUTE STATISTICS 
  STORAGE(INITIAL 65536 NEXT 1048576 MINEXTENTS 1 MAXEXTENTS 2147483645
  PCTINCREASE 0 FREELISTS 1 FREELIST GROUPS 1 BUFFER_POOL DEFAULT FLASH_CACHE DEFAULT CELL_FLASH_CACHE DEFAULT)
  TABLESPACE "USERS" ;
--------------------------------------------------------
--  DDL for Index APEX$_WS_FILES_PK
--------------------------------------------------------

  CREATE UNIQUE INDEX "CALISMAALANI"."APEX$_WS_FILES_PK" ON "CALISMAALANI"."APEX$_WS_FILES" ("ID") 
  PCTFREE 10 INITRANS 2 MAXTRANS 255 COMPUTE STATISTICS 
  STORAGE(INITIAL 65536 NEXT 1048576 MINEXTENTS 1 MAXEXTENTS 2147483645
  PCTINCREASE 0 FREELISTS 1 FREELIST GROUPS 1 BUFFER_POOL DEFAULT FLASH_CACHE DEFAULT CELL_FLASH_CACHE DEFAULT)
  TABLESPACE "USERS" ;
--------------------------------------------------------
--  DDL for Index APEX$_WS_NOTES_PK
--------------------------------------------------------

  CREATE UNIQUE INDEX "CALISMAALANI"."APEX$_WS_NOTES_PK" ON "CALISMAALANI"."APEX$_WS_NOTES" ("ID") 
  PCTFREE 10 INITRANS 2 MAXTRANS 255 COMPUTE STATISTICS 
  STORAGE(INITIAL 65536 NEXT 1048576 MINEXTENTS 1 MAXEXTENTS 2147483645
  PCTINCREASE 0 FREELISTS 1 FREELIST GROUPS 1 BUFFER_POOL DEFAULT FLASH_CACHE DEFAULT CELL_FLASH_CACHE DEFAULT)
  TABLESPACE "USERS" ;
--------------------------------------------------------
--  DDL for Index APEX$_WS_WEBPG_SECHIST_IDX1
--------------------------------------------------------

  CREATE INDEX "CALISMAALANI"."APEX$_WS_WEBPG_SECHIST_IDX1" ON "CALISMAALANI"."APEX$_WS_WEBPG_SECTION_HISTORY" ("WS_APP_ID", "WEBPAGE_ID", "SECTION_ID") 
  PCTFREE 10 INITRANS 2 MAXTRANS 255 COMPUTE STATISTICS 
  STORAGE(INITIAL 65536 NEXT 1048576 MINEXTENTS 1 MAXEXTENTS 2147483645
  PCTINCREASE 0 FREELISTS 1 FREELIST GROUPS 1 BUFFER_POOL DEFAULT FLASH_CACHE DEFAULT CELL_FLASH_CACHE DEFAULT)
  TABLESPACE "USERS" ;
--------------------------------------------------------
--  DDL for Index PK_CITY_ID
--------------------------------------------------------

  CREATE UNIQUE INDEX "CALISMAALANI"."PK_CITY_ID" ON "CALISMAALANI"."CITY" ("ID") 
  PCTFREE 10 INITRANS 2 MAXTRANS 255 COMPUTE STATISTICS 
  STORAGE(INITIAL 65536 NEXT 1048576 MINEXTENTS 1 MAXEXTENTS 2147483645
  PCTINCREASE 0 FREELISTS 1 FREELIST GROUPS 1 BUFFER_POOL DEFAULT FLASH_CACHE DEFAULT CELL_FLASH_CACHE DEFAULT)
  TABLESPACE "USERS" ;
--------------------------------------------------------
--  DDL for Index APEX$_WS_WEBPG_SECTIONS_PK
--------------------------------------------------------

  CREATE UNIQUE INDEX "CALISMAALANI"."APEX$_WS_WEBPG_SECTIONS_PK" ON "CALISMAALANI"."APEX$_WS_WEBPG_SECTIONS" ("ID") 
  PCTFREE 10 INITRANS 2 MAXTRANS 255 COMPUTE STATISTICS 
  STORAGE(INITIAL 65536 NEXT 1048576 MINEXTENTS 1 MAXEXTENTS 2147483645
  PCTINCREASE 0 FREELISTS 1 FREELIST GROUPS 1 BUFFER_POOL DEFAULT FLASH_CACHE DEFAULT CELL_FLASH_CACHE DEFAULT)
  TABLESPACE "USERS" ;
--------------------------------------------------------
--  DDL for Index APEX$_ACL_PK
--------------------------------------------------------

  CREATE UNIQUE INDEX "CALISMAALANI"."APEX$_ACL_PK" ON "CALISMAALANI"."APEX$_ACL" ("ID") 
  PCTFREE 10 INITRANS 2 MAXTRANS 255 COMPUTE STATISTICS 
  STORAGE(INITIAL 65536 NEXT 1048576 MINEXTENTS 1 MAXEXTENTS 2147483645
  PCTINCREASE 0 FREELISTS 1 FREELIST GROUPS 1 BUFFER_POOL DEFAULT FLASH_CACHE DEFAULT CELL_FLASH_CACHE DEFAULT)
  TABLESPACE "USERS" ;
--------------------------------------------------------
--  DDL for Index DEMO_PRODUCT_INFO_PK
--------------------------------------------------------

  CREATE UNIQUE INDEX "CALISMAALANI"."DEMO_PRODUCT_INFO_PK" ON "CALISMAALANI"."DEMO_PRODUCT_INFO" ("PRODUCT_ID") 
  PCTFREE 10 INITRANS 2 MAXTRANS 255 COMPUTE STATISTICS 
  STORAGE(INITIAL 65536 NEXT 1048576 MINEXTENTS 1 MAXEXTENTS 2147483645
  PCTINCREASE 0 FREELISTS 1 FREELIST GROUPS 1 BUFFER_POOL DEFAULT FLASH_CACHE DEFAULT CELL_FLASH_CACHE DEFAULT)
  TABLESPACE "USERS" ;
--------------------------------------------------------
--  DDL for Index APEX$_WS_ROWS_IDX
--------------------------------------------------------

  CREATE INDEX "CALISMAALANI"."APEX$_WS_ROWS_IDX" ON "CALISMAALANI"."APEX$_WS_ROWS" ("WS_APP_ID", "DATA_GRID_ID") 
  PCTFREE 10 INITRANS 2 MAXTRANS 255 COMPUTE STATISTICS 
  STORAGE(INITIAL 65536 NEXT 1048576 MINEXTENTS 1 MAXEXTENTS 2147483645
  PCTINCREASE 0 FREELISTS 1 FREELIST GROUPS 1 BUFFER_POOL DEFAULT FLASH_CACHE DEFAULT CELL_FLASH_CACHE DEFAULT)
  TABLESPACE "USERS" ;
--------------------------------------------------------
--  DDL for Index APEX$_WS_NOTES_IDX1
--------------------------------------------------------

  CREATE INDEX "CALISMAALANI"."APEX$_WS_NOTES_IDX1" ON "CALISMAALANI"."APEX$_WS_NOTES" ("WS_APP_ID", "DATA_GRID_ID", "ROW_ID") 
  PCTFREE 10 INITRANS 2 MAXTRANS 255 COMPUTE STATISTICS 
  STORAGE(INITIAL 65536 NEXT 1048576 MINEXTENTS 1 MAXEXTENTS 2147483645
  PCTINCREASE 0 FREELISTS 1 FREELIST GROUPS 1 BUFFER_POOL DEFAULT FLASH_CACHE DEFAULT CELL_FLASH_CACHE DEFAULT)
  TABLESPACE "USERS" ;
--------------------------------------------------------
--  DDL for Index DEMO_ORDER_ITEMS_PK
--------------------------------------------------------

  CREATE UNIQUE INDEX "CALISMAALANI"."DEMO_ORDER_ITEMS_PK" ON "CALISMAALANI"."DEMO_ORDER_ITEMS" ("ORDER_ITEM_ID") 
  PCTFREE 10 INITRANS 2 MAXTRANS 255 COMPUTE STATISTICS 
  STORAGE(INITIAL 65536 NEXT 1048576 MINEXTENTS 1 MAXEXTENTS 2147483645
  PCTINCREASE 0 FREELISTS 1 FREELIST GROUPS 1 BUFFER_POOL DEFAULT FLASH_CACHE DEFAULT CELL_FLASH_CACHE DEFAULT)
  TABLESPACE "USERS" ;
--------------------------------------------------------
--  DDL for Trigger APEX$_ACL_T1
--------------------------------------------------------

  CREATE OR REPLACE TRIGGER "CALISMAALANI"."APEX$_ACL_T1" 
before insert or update on "APEX$_ACL"
for each row
begin
    --
    -- maintain pk and timestamps
    --
    :new.username := upper(:new.username);
    if inserting and :new.id is null then
        select to_number(sys_guid(),'XXXXXXXXXXXXXXXXXXXXXXXXXXXXXXXX') into :new.id from dual;
    end if;
    if inserting then
        :new.created_on := sysdate;
        :new.created_by := nvl(v('APP_USER'),user);
        :new.updated_on := sysdate;
        :new.updated_by := nvl(v('APP_USER'),user);
    elsif updating then
        :new.updated_on := sysdate;
        :new.updated_by := nvl(v('APP_USER'),user);
    end if;
end;
/
ALTER TRIGGER "CALISMAALANI"."APEX$_ACL_T1" ENABLE;
--------------------------------------------------------
--  DDL for Trigger APEX$_WS_FILES_T1
--------------------------------------------------------

  CREATE OR REPLACE TRIGGER "CALISMAALANI"."APEX$_WS_FILES_T1" 
before insert or update on "APEX$_WS_FILES"
for each row
begin
    --
    -- maintain pk and timestamps
    --
    if inserting and :new.id is null then
        select to_number(sys_guid(),'XXXXXXXXXXXXXXXXXXXXXXXXXXXXXXXX') into :new.id from dual;
    end if;
    if inserting and :new.image_alias is null then
        :new.image_alias := :new.name;
    end if;
    if inserting then
        :new.created_on := sysdate;
        :new.created_by := nvl(v('APP_USER'),user);
        :new.updated_on := sysdate;
        :new.updated_by := nvl(v('APP_USER'),user);
        :new.content_last_update := sysdate;
    elsif updating then
        :new.updated_on := sysdate;
        :new.updated_by := nvl(v('APP_USER'),user);
        if nvl(length(:new.content),0) <> nvl(length(:old.content),0) then
            :new.content_last_update := sysdate;
        end if;
    end if;
end;
/
ALTER TRIGGER "CALISMAALANI"."APEX$_WS_FILES_T1" ENABLE;
--------------------------------------------------------
--  DDL for Trigger APEX$_WS_LINKS_T1
--------------------------------------------------------

  CREATE OR REPLACE TRIGGER "CALISMAALANI"."APEX$_WS_LINKS_T1" 
before insert or update on "APEX$_WS_LINKS"
for each row
begin
    --
    -- maintain pk and timestamps
    --
    if inserting and :new.id is null then
        select to_number(sys_guid(),'XXXXXXXXXXXXXXXXXXXXXXXXXXXXXXXX') into :new.id from dual;
    end if;
    if inserting then
        :new.created_on := sysdate;
        :new.created_by := nvl(v('APP_USER'),user);
        :new.updated_on := sysdate;
        :new.updated_by := nvl(v('APP_USER'),user);
    elsif updating then
        :new.updated_on := sysdate;
        :new.updated_by := nvl(v('APP_USER'),user);
    end if;
end;
/
ALTER TRIGGER "CALISMAALANI"."APEX$_WS_LINKS_T1" ENABLE;
--------------------------------------------------------
--  DDL for Trigger APEX$_WS_NOTES_T1
--------------------------------------------------------

  CREATE OR REPLACE TRIGGER "CALISMAALANI"."APEX$_WS_NOTES_T1" 
before insert or update on "APEX$_WS_NOTES"
for each row
begin
    --
    -- maintain pk and timestamps
    --
    if inserting and :new.id is null then
        select to_number(sys_guid(),'XXXXXXXXXXXXXXXXXXXXXXXXXXXXXXXX') into :new.id from dual;
    end if;
    if inserting then
        :new.created_on := sysdate;
        :new.created_by := nvl(v('APP_USER'),user);
        :new.updated_on := sysdate;
        :new.updated_by := nvl(v('APP_USER'),user);
    elsif updating then
        :new.updated_on := sysdate;
        :new.updated_by := nvl(v('APP_USER'),user);
    end if;
end;
/
ALTER TRIGGER "CALISMAALANI"."APEX$_WS_NOTES_T1" ENABLE;
--------------------------------------------------------
--  DDL for Trigger APEX$_WS_ROWS_T1
--------------------------------------------------------

  CREATE OR REPLACE TRIGGER "CALISMAALANI"."APEX$_WS_ROWS_T1" 
before insert or update on "APEX$_WS_ROWS"
for each row
declare
    l_tag_list apex_application_global.vc_arr2;
    type col_arr is table of varchar2(32767) index by varchar2(255);
    la_col_label col_arr;
    procedure datagrid_logging( 
        p_row_id       in number,
        p_ws_app_id    in number,
        p_data_grid_id in number,
        p_col_name     in varchar2,
        p_type         in varchar2,
        p_old_c        in varchar2 default null,
        p_new_c        in varchar2 default null,
        p_old_d        in date default null,
        p_new_d        in date default null,
        p_old_n        in number default null,
        p_new_n        in number default null)
    is
    begin
        case p_type
        when 'C' then
          if (p_old_c is null and p_new_c is not null) or (p_old_c is not null and p_new_c is null) or (p_old_c != p_new_c) then
              insert into apex$_ws_history (row_id, ws_app_id, data_grid_id, column_name, old_value, new_value, change_date, application_user_id)
              values (p_row_id, p_ws_app_id, p_data_grid_id, p_col_name, p_old_c, p_new_c, sysdate, v('APP_USER'));
          end if;
        when 'D' then
          if (p_old_d is null and p_new_d is not null) or (p_old_d is not null and p_new_d is null) or (p_old_d != p_new_d) then
              insert into apex$_ws_history (row_id, ws_app_id, data_grid_id, column_name, old_value,  new_value, change_date, application_user_id)
              values (p_row_id, p_ws_app_id, p_data_grid_id, p_col_name, p_old_d, p_new_d, sysdate, v('APP_USER'));
        	  end if;
        when 'N' then
          if (p_old_n is null and p_new_n is not null) or (p_old_n is not null and p_new_n is null) or (p_old_n != p_new_n) then
              insert into apex$_ws_history (row_id, ws_app_id, data_grid_id, column_name, old_value,  new_value, change_date, application_user_id)
              values (p_row_id, p_ws_app_id, p_data_grid_id, p_col_name, p_old_n, p_new_n, sysdate, v('APP_USER'));
          end if;
        end case;
    end datagrid_logging;
    procedure wa( p_c in out nocopy clob, p_buf in varchar2 )
    is
    l_lf varchar2(2) := unistr('\000a');
    begin
    if p_buf is not null then dbms_lob.writeappend( p_c, length(p_buf||l_lf), upper(p_buf)||l_lf); end if;
    end wa;
begin
    --
    -- maintain pk and timestamps
    --
    if inserting and :new.id is null then
        select to_number(sys_guid(),'XXXXXXXXXXXXXXXXXXXXXXXXXXXXXXXX') into :new.id from dual;
    end if;
    if inserting then
        :new.created_on := sysdate;
        :new.created_by := nvl(v('APP_USER'),user);
        :new.updated_on := sysdate;
        :new.updated_by := nvl(v('APP_USER'),user);
        select to_number(sys_guid(),'XXXXXXXXXXXXXXXXXXXXXXXXXXXXXXXX') into :new.load_order from dual;
        :new.change_count := 0;
    elsif updating then
        :new.updated_on := sysdate;
        :new.updated_by := nvl(v('APP_USER'),user);
        :new.change_count := :old.change_count + 1;
    end if;
    --
    -- inserting remove chr 13
    --
    if instr(:new.c001,chr(13)) > 0 then :new.c001 := replace(:new.c001,chr(13),null); end if;
    if instr(:new.c002,chr(13)) > 0 then :new.c002 := replace(:new.c002,chr(13),null); end if;
    if instr(:new.c003,chr(13)) > 0 then :new.c003 := replace(:new.c003,chr(13),null); end if;
    if instr(:new.c004,chr(13)) > 0 then :new.c004 := replace(:new.c004,chr(13),null); end if;
    if instr(:new.c005,chr(13)) > 0 then :new.c005 := replace(:new.c005,chr(13),null); end if;
    if instr(:new.c006,chr(13)) > 0 then :new.c006 := replace(:new.c006,chr(13),null); end if;
    if instr(:new.c007,chr(13)) > 0 then :new.c007 := replace(:new.c007,chr(13),null); end if;
    if instr(:new.c008,chr(13)) > 0 then :new.c008 := replace(:new.c008,chr(13),null); end if;
    if instr(:new.c009,chr(13)) > 0 then :new.c009 := replace(:new.c009,chr(13),null); end if;
    if instr(:new.c010,chr(13)) > 0 then :new.c010 := replace(:new.c010,chr(13),null); end if;
    if instr(:new.c011,chr(13)) > 0 then :new.c011 := replace(:new.c011,chr(13),null); end if;
    if instr(:new.c012,chr(13)) > 0 then :new.c012 := replace(:new.c012,chr(13),null); end if;
    if instr(:new.c013,chr(13)) > 0 then :new.c013 := replace(:new.c013,chr(13),null); end if;
    if instr(:new.c014,chr(13)) > 0 then :new.c014 := replace(:new.c014,chr(13),null); end if;
    if instr(:new.c015,chr(13)) > 0 then :new.c015 := replace(:new.c015,chr(13),null); end if;
    if instr(:new.c016,chr(13)) > 0 then :new.c016 := replace(:new.c016,chr(13),null); end if;
    if instr(:new.c017,chr(13)) > 0 then :new.c017 := replace(:new.c017,chr(13),null); end if;
    if instr(:new.c018,chr(13)) > 0 then :new.c018 := replace(:new.c018,chr(13),null); end if;
    if instr(:new.c019,chr(13)) > 0 then :new.c019 := replace(:new.c019,chr(13),null); end if;
    if instr(:new.c020,chr(13)) > 0 then :new.c020 := replace(:new.c010,chr(23),null); end if;
    if instr(:new.c021,chr(13)) > 0 then :new.c021 := replace(:new.c001,chr(23),null); end if;
    if instr(:new.c022,chr(13)) > 0 then :new.c022 := replace(:new.c002,chr(23),null); end if;
    if instr(:new.c023,chr(13)) > 0 then :new.c023 := replace(:new.c003,chr(23),null); end if;
    if instr(:new.c024,chr(13)) > 0 then :new.c024 := replace(:new.c004,chr(23),null); end if;
    if instr(:new.c025,chr(13)) > 0 then :new.c025 := replace(:new.c005,chr(23),null); end if;
    if instr(:new.c026,chr(13)) > 0 then :new.c026 := replace(:new.c006,chr(23),null); end if;
    if instr(:new.c027,chr(13)) > 0 then :new.c027 := replace(:new.c007,chr(23),null); end if;
    if instr(:new.c028,chr(13)) > 0 then :new.c028 := replace(:new.c008,chr(23),null); end if;
    if instr(:new.c029,chr(13)) > 0 then :new.c029 := replace(:new.c009,chr(23),null); end if;
    if instr(:new.c030,chr(13)) > 0 then :new.c030 := replace(:new.c030,chr(13),null); end if;
    if instr(:new.c031,chr(13)) > 0 then :new.c031 := replace(:new.c031,chr(13),null); end if;
    if instr(:new.c032,chr(13)) > 0 then :new.c032 := replace(:new.c032,chr(13),null); end if;
    if instr(:new.c033,chr(13)) > 0 then :new.c033 := replace(:new.c033,chr(13),null); end if;
    if instr(:new.c034,chr(13)) > 0 then :new.c034 := replace(:new.c034,chr(13),null); end if;
    if instr(:new.c035,chr(13)) > 0 then :new.c035 := replace(:new.c035,chr(13),null); end if;
    if instr(:new.c036,chr(13)) > 0 then :new.c036 := replace(:new.c036,chr(13),null); end if;
    if instr(:new.c037,chr(13)) > 0 then :new.c037 := replace(:new.c037,chr(13),null); end if;
    if instr(:new.c038,chr(13)) > 0 then :new.c038 := replace(:new.c038,chr(13),null); end if;
    if instr(:new.c039,chr(13)) > 0 then :new.c039 := replace(:new.c039,chr(13),null); end if;
    if instr(:new.c040,chr(13)) > 0 then :new.c040 := replace(:new.c040,chr(13),null); end if;
    if instr(:new.c041,chr(13)) > 0 then :new.c041 := replace(:new.c041,chr(13),null); end if;
    if instr(:new.c042,chr(13)) > 0 then :new.c042 := replace(:new.c042,chr(13),null); end if;
    if instr(:new.c043,chr(13)) > 0 then :new.c043 := replace(:new.c043,chr(13),null); end if;
    if instr(:new.c044,chr(13)) > 0 then :new.c044 := replace(:new.c044,chr(13),null); end if;
    if instr(:new.c045,chr(13)) > 0 then :new.c045 := replace(:new.c045,chr(13),null); end if;
    if instr(:new.c046,chr(13)) > 0 then :new.c046 := replace(:new.c046,chr(13),null); end if;
    if instr(:new.c047,chr(13)) > 0 then :new.c047 := replace(:new.c047,chr(13),null); end if;
    if instr(:new.c048,chr(13)) > 0 then :new.c048 := replace(:new.c048,chr(13),null); end if;
    if instr(:new.c049,chr(13)) > 0 then :new.c049 := replace(:new.c049,chr(13),null); end if;
    if instr(:new.c050,chr(13)) > 0 then :new.c050 := replace(:new.c050,chr(13),null); end if;
    if :new.search_clob is null then
        dbms_lob.createtemporary( :new.search_clob, false, dbms_lob.session );
    else
        dbms_lob.trim( :new.search_clob, 0 );
    end if;
    wa(:new.search_clob,:new.c001);wa(:new.search_clob,:new.c002);wa(:new.search_clob,:new.c003);
    wa(:new.search_clob,:new.c004);wa(:new.search_clob,:new.c005);wa(:new.search_clob,:new.c006);
    wa(:new.search_clob,:new.c007);wa(:new.search_clob,:new.c008);wa(:new.search_clob,:new.c009);
    wa(:new.search_clob,:new.c010);wa(:new.search_clob,:new.c011);wa(:new.search_clob,:new.c012);
    wa(:new.search_clob,:new.c013);wa(:new.search_clob,:new.c014);wa(:new.search_clob,:new.c015);
    wa(:new.search_clob,:new.c016);wa(:new.search_clob,:new.c017);wa(:new.search_clob,:new.c018);
    wa(:new.search_clob,:new.c019);wa(:new.search_clob,:new.c020);wa(:new.search_clob,:new.c021);
    wa(:new.search_clob,:new.c022);wa(:new.search_clob,:new.c023);wa(:new.search_clob,:new.c024);
    wa(:new.search_clob,:new.c025);wa(:new.search_clob,:new.c026);wa(:new.search_clob,:new.c027);
    wa(:new.search_clob,:new.c028);wa(:new.search_clob,:new.c029);wa(:new.search_clob,:new.c030);
    wa(:new.search_clob,:new.c031);wa(:new.search_clob,:new.c032);wa(:new.search_clob,:new.c033);
    wa(:new.search_clob,:new.c034);wa(:new.search_clob,:new.c035);wa(:new.search_clob,:new.c036);
    wa(:new.search_clob,:new.c037);wa(:new.search_clob,:new.c038);wa(:new.search_clob,:new.c039);
    wa(:new.search_clob,:new.c040);wa(:new.search_clob,:new.c041);wa(:new.search_clob,:new.c042);
    wa(:new.search_clob,:new.c043);wa(:new.search_clob,:new.c044);wa(:new.search_clob,:new.c045);
    wa(:new.search_clob,:new.c046);wa(:new.search_clob,:new.c047);wa(:new.search_clob,:new.c048);
    wa(:new.search_clob,:new.c049);wa(:new.search_clob,:new.c050);
    --
    -- history
    --
    if updating then
       -- initialize column label array
       for i in 1..50
       loop
           la_col_label('C'||to_char(i,'FM009')) := null;
           la_col_label('N'||to_char(i,'FM009')) := null;
           la_col_label('D'||to_char(i,'FM009')) := null;
       end loop;
       -- get column label array
       for c1 in (select column_alias, report_label 
                  from apex_ws_data_grid_col
                  where data_grid_id = :new.data_grid_id)
       loop
           la_col_label(c1.column_alias) := c1.report_label;
       end loop;
       -- strings
       datagrid_logging(:new.id,:new.ws_app_id,:new.data_grid_id,la_col_label('C001'),'C',:old.c001,:new.c001);
       datagrid_logging(:new.id,:new.ws_app_id,:new.data_grid_id,la_col_label('C002'),'C',:old.c002,:new.c002);
       datagrid_logging(:new.id,:new.ws_app_id,:new.data_grid_id,la_col_label('C003'),'C',:old.c003,:new.c003);
       datagrid_logging(:new.id,:new.ws_app_id,:new.data_grid_id,la_col_label('C004'),'C',:old.c004,:new.c004);
       datagrid_logging(:new.id,:new.ws_app_id,:new.data_grid_id,la_col_label('C005'),'C',:old.c005,:new.c005);
       datagrid_logging(:new.id,:new.ws_app_id,:new.data_grid_id,la_col_label('C006'),'C',:old.c006,:new.c006);
       datagrid_logging(:new.id,:new.ws_app_id,:new.data_grid_id,la_col_label('C007'),'C',:old.c007,:new.c007);
       datagrid_logging(:new.id,:new.ws_app_id,:new.data_grid_id,la_col_label('C008'),'C',:old.c008,:new.c008);
       datagrid_logging(:new.id,:new.ws_app_id,:new.data_grid_id,la_col_label('C009'),'C',:old.c009,:new.c009);
       datagrid_logging(:new.id,:new.ws_app_id,:new.data_grid_id,la_col_label('C010'),'C',:old.c010,:new.c010);
       datagrid_logging(:new.id,:new.ws_app_id,:new.data_grid_id,la_col_label('C011'),'C',:old.c011,:new.c011);
       datagrid_logging(:new.id,:new.ws_app_id,:new.data_grid_id,la_col_label('C012'),'C',:old.c012,:new.c012);
       datagrid_logging(:new.id,:new.ws_app_id,:new.data_grid_id,la_col_label('C013'),'C',:old.c013,:new.c013);
       datagrid_logging(:new.id,:new.ws_app_id,:new.data_grid_id,la_col_label('C014'),'C',:old.c014,:new.c014);
       datagrid_logging(:new.id,:new.ws_app_id,:new.data_grid_id,la_col_label('C015'),'C',:old.c015,:new.c015);
       datagrid_logging(:new.id,:new.ws_app_id,:new.data_grid_id,la_col_label('C016'),'C',:old.c016,:new.c016);
       datagrid_logging(:new.id,:new.ws_app_id,:new.data_grid_id,la_col_label('C017'),'C',:old.c017,:new.c017);
       datagrid_logging(:new.id,:new.ws_app_id,:new.data_grid_id,la_col_label('C018'),'C',:old.c018,:new.c018);
       datagrid_logging(:new.id,:new.ws_app_id,:new.data_grid_id,la_col_label('C019'),'C',:old.c019,:new.c019);
       datagrid_logging(:new.id,:new.ws_app_id,:new.data_grid_id,la_col_label('C020'),'C',:old.c020,:new.c020);
       datagrid_logging(:new.id,:new.ws_app_id,:new.data_grid_id,la_col_label('C021'),'C',:old.c021,:new.c021);
       datagrid_logging(:new.id,:new.ws_app_id,:new.data_grid_id,la_col_label('C022'),'C',:old.c022,:new.c022);
       datagrid_logging(:new.id,:new.ws_app_id,:new.data_grid_id,la_col_label('C023'),'C',:old.c023,:new.c023);
       datagrid_logging(:new.id,:new.ws_app_id,:new.data_grid_id,la_col_label('C024'),'C',:old.c024,:new.c024);
       datagrid_logging(:new.id,:new.ws_app_id,:new.data_grid_id,la_col_label('C025'),'C',:old.c025,:new.c025);
       datagrid_logging(:new.id,:new.ws_app_id,:new.data_grid_id,la_col_label('C026'),'C',:old.c026,:new.c026);
       datagrid_logging(:new.id,:new.ws_app_id,:new.data_grid_id,la_col_label('C027'),'C',:old.c027,:new.c027);
       datagrid_logging(:new.id,:new.ws_app_id,:new.data_grid_id,la_col_label('C028'),'C',:old.c028,:new.c028);
       datagrid_logging(:new.id,:new.ws_app_id,:new.data_grid_id,la_col_label('C029'),'C',:old.c029,:new.c029);
       datagrid_logging(:new.id,:new.ws_app_id,:new.data_grid_id,la_col_label('C030'),'C',:old.c030,:new.c030);
       datagrid_logging(:new.id,:new.ws_app_id,:new.data_grid_id,la_col_label('C031'),'C',:old.c031,:new.c031);
       datagrid_logging(:new.id,:new.ws_app_id,:new.data_grid_id,la_col_label('C032'),'C',:old.c032,:new.c032);
       datagrid_logging(:new.id,:new.ws_app_id,:new.data_grid_id,la_col_label('C033'),'C',:old.c033,:new.c033);
       datagrid_logging(:new.id,:new.ws_app_id,:new.data_grid_id,la_col_label('C034'),'C',:old.c034,:new.c034);
       datagrid_logging(:new.id,:new.ws_app_id,:new.data_grid_id,la_col_label('C035'),'C',:old.c035,:new.c035);
       datagrid_logging(:new.id,:new.ws_app_id,:new.data_grid_id,la_col_label('C036'),'C',:old.c036,:new.c036);
       datagrid_logging(:new.id,:new.ws_app_id,:new.data_grid_id,la_col_label('C037'),'C',:old.c037,:new.c037);
       datagrid_logging(:new.id,:new.ws_app_id,:new.data_grid_id,la_col_label('C038'),'C',:old.c038,:new.c038);
       datagrid_logging(:new.id,:new.ws_app_id,:new.data_grid_id,la_col_label('C039'),'C',:old.c039,:new.c039);
       datagrid_logging(:new.id,:new.ws_app_id,:new.data_grid_id,la_col_label('C040'),'C',:old.c040,:new.c040);
       datagrid_logging(:new.id,:new.ws_app_id,:new.data_grid_id,la_col_label('C041'),'C',:old.c041,:new.c041);
       datagrid_logging(:new.id,:new.ws_app_id,:new.data_grid_id,la_col_label('C042'),'C',:old.c042,:new.c042);
       datagrid_logging(:new.id,:new.ws_app_id,:new.data_grid_id,la_col_label('C043'),'C',:old.c043,:new.c043);
       datagrid_logging(:new.id,:new.ws_app_id,:new.data_grid_id,la_col_label('C044'),'C',:old.c044,:new.c044);
       datagrid_logging(:new.id,:new.ws_app_id,:new.data_grid_id,la_col_label('C045'),'C',:old.c045,:new.c045);
       datagrid_logging(:new.id,:new.ws_app_id,:new.data_grid_id,la_col_label('C046'),'C',:old.c046,:new.c046);
       datagrid_logging(:new.id,:new.ws_app_id,:new.data_grid_id,la_col_label('C047'),'C',:old.c047,:new.c047);
       datagrid_logging(:new.id,:new.ws_app_id,:new.data_grid_id,la_col_label('C048'),'C',:old.c048,:new.c048);
       datagrid_logging(:new.id,:new.ws_app_id,:new.data_grid_id,la_col_label('C049'),'C',:old.c049,:new.c049);
       datagrid_logging(:new.id,:new.ws_app_id,:new.data_grid_id,la_col_label('C050'),'C',:old.c050,:new.c050);
       -- numbers
       datagrid_logging(:new.id,:new.ws_app_id,:new.data_grid_id,la_col_label('N001'),'N',null,null,null,null,:old.n001,:new.n001);
       datagrid_logging(:new.id,:new.ws_app_id,:new.data_grid_id,la_col_label('N002'),'N',null,null,null,null,:old.n002,:new.n002);
       datagrid_logging(:new.id,:new.ws_app_id,:new.data_grid_id,la_col_label('N003'),'N',null,null,null,null,:old.n003,:new.n003);
       datagrid_logging(:new.id,:new.ws_app_id,:new.data_grid_id,la_col_label('N004'),'N',null,null,null,null,:old.n004,:new.n004);
       datagrid_logging(:new.id,:new.ws_app_id,:new.data_grid_id,la_col_label('N005'),'N',null,null,null,null,:old.n005,:new.n005);
       datagrid_logging(:new.id,:new.ws_app_id,:new.data_grid_id,la_col_label('N006'),'N',null,null,null,null,:old.n006,:new.n006);
       datagrid_logging(:new.id,:new.ws_app_id,:new.data_grid_id,la_col_label('N007'),'N',null,null,null,null,:old.n007,:new.n007);
       datagrid_logging(:new.id,:new.ws_app_id,:new.data_grid_id,la_col_label('N008'),'N',null,null,null,null,:old.n008,:new.n008);
       datagrid_logging(:new.id,:new.ws_app_id,:new.data_grid_id,la_col_label('N009'),'N',null,null,null,null,:old.n009,:new.n009);
       datagrid_logging(:new.id,:new.ws_app_id,:new.data_grid_id,la_col_label('N010'),'N',null,null,null,null,:old.n010,:new.n010);
       datagrid_logging(:new.id,:new.ws_app_id,:new.data_grid_id,la_col_label('N011'),'N',null,null,null,null,:old.n011,:new.n011);
       datagrid_logging(:new.id,:new.ws_app_id,:new.data_grid_id,la_col_label('N012'),'N',null,null,null,null,:old.n012,:new.n012);
       datagrid_logging(:new.id,:new.ws_app_id,:new.data_grid_id,la_col_label('N013'),'N',null,null,null,null,:old.n013,:new.n013);
       datagrid_logging(:new.id,:new.ws_app_id,:new.data_grid_id,la_col_label('N014'),'N',null,null,null,null,:old.n014,:new.n014);
       datagrid_logging(:new.id,:new.ws_app_id,:new.data_grid_id,la_col_label('N015'),'N',null,null,null,null,:old.n015,:new.n015);
       datagrid_logging(:new.id,:new.ws_app_id,:new.data_grid_id,la_col_label('N016'),'N',null,null,null,null,:old.n016,:new.n016);
       datagrid_logging(:new.id,:new.ws_app_id,:new.data_grid_id,la_col_label('N017'),'N',null,null,null,null,:old.n017,:new.n017);
       datagrid_logging(:new.id,:new.ws_app_id,:new.data_grid_id,la_col_label('N018'),'N',null,null,null,null,:old.n018,:new.n018);
       datagrid_logging(:new.id,:new.ws_app_id,:new.data_grid_id,la_col_label('N019'),'N',null,null,null,null,:old.n019,:new.n019);
       datagrid_logging(:new.id,:new.ws_app_id,:new.data_grid_id,la_col_label('N020'),'N',null,null,null,null,:old.n020,:new.n020);
       datagrid_logging(:new.id,:new.ws_app_id,:new.data_grid_id,la_col_label('N021'),'N',null,null,null,null,:old.n021,:new.n021);
       datagrid_logging(:new.id,:new.ws_app_id,:new.data_grid_id,la_col_label('N022'),'N',null,null,null,null,:old.n022,:new.n022);
       datagrid_logging(:new.id,:new.ws_app_id,:new.data_grid_id,la_col_label('N023'),'N',null,null,null,null,:old.n023,:new.n023);
       datagrid_logging(:new.id,:new.ws_app_id,:new.data_grid_id,la_col_label('N024'),'N',null,null,null,null,:old.n024,:new.n024);
       datagrid_logging(:new.id,:new.ws_app_id,:new.data_grid_id,la_col_label('N025'),'N',null,null,null,null,:old.n025,:new.n025);
       datagrid_logging(:new.id,:new.ws_app_id,:new.data_grid_id,la_col_label('N026'),'N',null,null,null,null,:old.n026,:new.n026);
       datagrid_logging(:new.id,:new.ws_app_id,:new.data_grid_id,la_col_label('N027'),'N',null,null,null,null,:old.n027,:new.n027);
       datagrid_logging(:new.id,:new.ws_app_id,:new.data_grid_id,la_col_label('N028'),'N',null,null,null,null,:old.n028,:new.n028);
       datagrid_logging(:new.id,:new.ws_app_id,:new.data_grid_id,la_col_label('N029'),'N',null,null,null,null,:old.n029,:new.n029);
       datagrid_logging(:new.id,:new.ws_app_id,:new.data_grid_id,la_col_label('N030'),'N',null,null,null,null,:old.n030,:new.n030);
       datagrid_logging(:new.id,:new.ws_app_id,:new.data_grid_id,la_col_label('N031'),'N',null,null,null,null,:old.n031,:new.n031);
       datagrid_logging(:new.id,:new.ws_app_id,:new.data_grid_id,la_col_label('N032'),'N',null,null,null,null,:old.n032,:new.n032);
       datagrid_logging(:new.id,:new.ws_app_id,:new.data_grid_id,la_col_label('N033'),'N',null,null,null,null,:old.n033,:new.n033);
       datagrid_logging(:new.id,:new.ws_app_id,:new.data_grid_id,la_col_label('N034'),'N',null,null,null,null,:old.n034,:new.n034);
       datagrid_logging(:new.id,:new.ws_app_id,:new.data_grid_id,la_col_label('N035'),'N',null,null,null,null,:old.n035,:new.n035);
       datagrid_logging(:new.id,:new.ws_app_id,:new.data_grid_id,la_col_label('N036'),'N',null,null,null,null,:old.n036,:new.n036);
       datagrid_logging(:new.id,:new.ws_app_id,:new.data_grid_id,la_col_label('N037'),'N',null,null,null,null,:old.n037,:new.n037);
       datagrid_logging(:new.id,:new.ws_app_id,:new.data_grid_id,la_col_label('N038'),'N',null,null,null,null,:old.n038,:new.n038);
       datagrid_logging(:new.id,:new.ws_app_id,:new.data_grid_id,la_col_label('N039'),'N',null,null,null,null,:old.n039,:new.n039);
       datagrid_logging(:new.id,:new.ws_app_id,:new.data_grid_id,la_col_label('N040'),'N',null,null,null,null,:old.n040,:new.n040);
       datagrid_logging(:new.id,:new.ws_app_id,:new.data_grid_id,la_col_label('N041'),'N',null,null,null,null,:old.n041,:new.n041);
       datagrid_logging(:new.id,:new.ws_app_id,:new.data_grid_id,la_col_label('N042'),'N',null,null,null,null,:old.n042,:new.n042);
       datagrid_logging(:new.id,:new.ws_app_id,:new.data_grid_id,la_col_label('N043'),'N',null,null,null,null,:old.n043,:new.n043);
       datagrid_logging(:new.id,:new.ws_app_id,:new.data_grid_id,la_col_label('N044'),'N',null,null,null,null,:old.n044,:new.n044);
       datagrid_logging(:new.id,:new.ws_app_id,:new.data_grid_id,la_col_label('N045'),'N',null,null,null,null,:old.n045,:new.n045);
       datagrid_logging(:new.id,:new.ws_app_id,:new.data_grid_id,la_col_label('N046'),'N',null,null,null,null,:old.n046,:new.n046);
       datagrid_logging(:new.id,:new.ws_app_id,:new.data_grid_id,la_col_label('N047'),'N',null,null,null,null,:old.n047,:new.n047);
       datagrid_logging(:new.id,:new.ws_app_id,:new.data_grid_id,la_col_label('N048'),'N',null,null,null,null,:old.n048,:new.n048);
       datagrid_logging(:new.id,:new.ws_app_id,:new.data_grid_id,la_col_label('N049'),'N',null,null,null,null,:old.n049,:new.n049);
       datagrid_logging(:new.id,:new.ws_app_id,:new.data_grid_id,la_col_label('N050'),'N',null,null,null,null,:old.n050,:new.n050);
       -- dates
       datagrid_logging(:new.id,:new.ws_app_id,:new.data_grid_id,la_col_label('D001'),'D',null,null,:old.d001,:new.d001);
       datagrid_logging(:new.id,:new.ws_app_id,:new.data_grid_id,la_col_label('D002'),'D',null,null,:old.d002,:new.d002);
       datagrid_logging(:new.id,:new.ws_app_id,:new.data_grid_id,la_col_label('D003'),'D',null,null,:old.d003,:new.d003);
       datagrid_logging(:new.id,:new.ws_app_id,:new.data_grid_id,la_col_label('D004'),'D',null,null,:old.d004,:new.d004);
       datagrid_logging(:new.id,:new.ws_app_id,:new.data_grid_id,la_col_label('D005'),'D',null,null,:old.d005,:new.d005);
       datagrid_logging(:new.id,:new.ws_app_id,:new.data_grid_id,la_col_label('D006'),'D',null,null,:old.d006,:new.d006);
       datagrid_logging(:new.id,:new.ws_app_id,:new.data_grid_id,la_col_label('D007'),'D',null,null,:old.d007,:new.d007);
       datagrid_logging(:new.id,:new.ws_app_id,:new.data_grid_id,la_col_label('D008'),'D',null,null,:old.d008,:new.d008);
       datagrid_logging(:new.id,:new.ws_app_id,:new.data_grid_id,la_col_label('D009'),'D',null,null,:old.d009,:new.d009);
       datagrid_logging(:new.id,:new.ws_app_id,:new.data_grid_id,la_col_label('D010'),'D',null,null,:old.d010,:new.d010);
       datagrid_logging(:new.id,:new.ws_app_id,:new.data_grid_id,la_col_label('D011'),'D',null,null,:old.d011,:new.d011);
       datagrid_logging(:new.id,:new.ws_app_id,:new.data_grid_id,la_col_label('D012'),'D',null,null,:old.d012,:new.d012);
       datagrid_logging(:new.id,:new.ws_app_id,:new.data_grid_id,la_col_label('D013'),'D',null,null,:old.d013,:new.d013);
       datagrid_logging(:new.id,:new.ws_app_id,:new.data_grid_id,la_col_label('D014'),'D',null,null,:old.d014,:new.d014);
       datagrid_logging(:new.id,:new.ws_app_id,:new.data_grid_id,la_col_label('D015'),'D',null,null,:old.d015,:new.d015);
       datagrid_logging(:new.id,:new.ws_app_id,:new.data_grid_id,la_col_label('D016'),'D',null,null,:old.d016,:new.d016);
       datagrid_logging(:new.id,:new.ws_app_id,:new.data_grid_id,la_col_label('D017'),'D',null,null,:old.d017,:new.d017);
       datagrid_logging(:new.id,:new.ws_app_id,:new.data_grid_id,la_col_label('D018'),'D',null,null,:old.d018,:new.d018);
       datagrid_logging(:new.id,:new.ws_app_id,:new.data_grid_id,la_col_label('D019'),'D',null,null,:old.d019,:new.d019);
       datagrid_logging(:new.id,:new.ws_app_id,:new.data_grid_id,la_col_label('D020'),'D',null,null,:old.d020,:new.d020);
       datagrid_logging(:new.id,:new.ws_app_id,:new.data_grid_id,la_col_label('D021'),'D',null,null,:old.d021,:new.d021);
       datagrid_logging(:new.id,:new.ws_app_id,:new.data_grid_id,la_col_label('D022'),'D',null,null,:old.d022,:new.d022);
       datagrid_logging(:new.id,:new.ws_app_id,:new.data_grid_id,la_col_label('D023'),'D',null,null,:old.d023,:new.d023);
       datagrid_logging(:new.id,:new.ws_app_id,:new.data_grid_id,la_col_label('D024'),'D',null,null,:old.d024,:new.d024);
       datagrid_logging(:new.id,:new.ws_app_id,:new.data_grid_id,la_col_label('D025'),'D',null,null,:old.d025,:new.d025);
       datagrid_logging(:new.id,:new.ws_app_id,:new.data_grid_id,la_col_label('D026'),'D',null,null,:old.d026,:new.d026);
       datagrid_logging(:new.id,:new.ws_app_id,:new.data_grid_id,la_col_label('D027'),'D',null,null,:old.d027,:new.d027);
       datagrid_logging(:new.id,:new.ws_app_id,:new.data_grid_id,la_col_label('D028'),'D',null,null,:old.d028,:new.d028);
       datagrid_logging(:new.id,:new.ws_app_id,:new.data_grid_id,la_col_label('D029'),'D',null,null,:old.d029,:new.d029);
       datagrid_logging(:new.id,:new.ws_app_id,:new.data_grid_id,la_col_label('D030'),'D',null,null,:old.d030,:new.d030);
       datagrid_logging(:new.id,:new.ws_app_id,:new.data_grid_id,la_col_label('D031'),'D',null,null,:old.d031,:new.d031);
       datagrid_logging(:new.id,:new.ws_app_id,:new.data_grid_id,la_col_label('D032'),'D',null,null,:old.d032,:new.d032);
       datagrid_logging(:new.id,:new.ws_app_id,:new.data_grid_id,la_col_label('D033'),'D',null,null,:old.d033,:new.d033);
       datagrid_logging(:new.id,:new.ws_app_id,:new.data_grid_id,la_col_label('D034'),'D',null,null,:old.d034,:new.d034);
       datagrid_logging(:new.id,:new.ws_app_id,:new.data_grid_id,la_col_label('D035'),'D',null,null,:old.d035,:new.d035);
       datagrid_logging(:new.id,:new.ws_app_id,:new.data_grid_id,la_col_label('D036'),'D',null,null,:old.d036,:new.d036);
       datagrid_logging(:new.id,:new.ws_app_id,:new.data_grid_id,la_col_label('D037'),'D',null,null,:old.d037,:new.d037);
       datagrid_logging(:new.id,:new.ws_app_id,:new.data_grid_id,la_col_label('D038'),'D',null,null,:old.d038,:new.d038);
       datagrid_logging(:new.id,:new.ws_app_id,:new.data_grid_id,la_col_label('D039'),'D',null,null,:old.d039,:new.d039);
       datagrid_logging(:new.id,:new.ws_app_id,:new.data_grid_id,la_col_label('D040'),'D',null,null,:old.d040,:new.d040);
       datagrid_logging(:new.id,:new.ws_app_id,:new.data_grid_id,la_col_label('D041'),'D',null,null,:old.d041,:new.d041);
       datagrid_logging(:new.id,:new.ws_app_id,:new.data_grid_id,la_col_label('D042'),'D',null,null,:old.d042,:new.d042);
       datagrid_logging(:new.id,:new.ws_app_id,:new.data_grid_id,la_col_label('D043'),'D',null,null,:old.d043,:new.d043);
       datagrid_logging(:new.id,:new.ws_app_id,:new.data_grid_id,la_col_label('D044'),'D',null,null,:old.d044,:new.d044);
       datagrid_logging(:new.id,:new.ws_app_id,:new.data_grid_id,la_col_label('D045'),'D',null,null,:old.d045,:new.d045);
       datagrid_logging(:new.id,:new.ws_app_id,:new.data_grid_id,la_col_label('D046'),'D',null,null,:old.d046,:new.d046);
       datagrid_logging(:new.id,:new.ws_app_id,:new.data_grid_id,la_col_label('D047'),'D',null,null,:old.d047,:new.d047);
       datagrid_logging(:new.id,:new.ws_app_id,:new.data_grid_id,la_col_label('D048'),'D',null,null,:old.d048,:new.d048);
       datagrid_logging(:new.id,:new.ws_app_id,:new.data_grid_id,la_col_label('D049'),'D',null,null,:old.d049,:new.d049);
       datagrid_logging(:new.id,:new.ws_app_id,:new.data_grid_id,la_col_label('D050'),'D',null,null,:old.d050,:new.d050);
    end if;
    --
    -- set owner
    --
    if :new.owner is null then
        :new.owner := :new.created_by;
    end if;
end;

/
ALTER TRIGGER "CALISMAALANI"."APEX$_WS_ROWS_T1" ENABLE;
--------------------------------------------------------
--  DDL for Trigger APEX$_WS_TAGS_T1
--------------------------------------------------------

  CREATE OR REPLACE TRIGGER "CALISMAALANI"."APEX$_WS_TAGS_T1" 
before insert or update on "APEX$_WS_TAGS"
for each row
begin
    --
    -- maintain pk and timestamps
    --
    if inserting and :new.id is null then
        select to_number(sys_guid(),'XXXXXXXXXXXXXXXXXXXXXXXXXXXXXXXX') into :new.id from dual;
    end if;
    if inserting then
        :new.created_on := sysdate;
        :new.created_by := nvl(v('APP_USER'),user);
        :new.updated_on := sysdate;
        :new.updated_by := nvl(v('APP_USER'),user);
    elsif updating then
        :new.updated_on := sysdate;
        :new.updated_by := nvl(v('APP_USER'),user);
    end if;
end;
/
ALTER TRIGGER "CALISMAALANI"."APEX$_WS_TAGS_T1" ENABLE;
--------------------------------------------------------
--  DDL for Trigger APEX$_WS_WEBPG_SECTIONS_T1
--------------------------------------------------------

  CREATE OR REPLACE TRIGGER "CALISMAALANI"."APEX$_WS_WEBPG_SECTIONS_T1" 
before insert or update on "APEX$_WS_WEBPG_SECTIONS"
for each row
declare
    l_sequence_changed varchar2(1) := 'N';
    l_title_changed varchar2(1) := 'N';
    l_content_changed varchar2(1) := 'N';
    procedure clob_upper( p_content in clob, p_content_upper in out nocopy clob)
    is
    l_buf varchar2(32767);
    l_off number;
    l_amt number;
    begin
    if p_content is not null then
        l_amt := 8000;
        l_off := 1;
         dbms_lob.trim( p_content_upper, 0);
         begin
             loop
                 dbms_lob.read( p_content, l_amt, l_off, l_buf );
                 l_buf := upper( l_buf );
                 dbms_lob.writeappend( p_content_upper, length(l_buf), l_buf);
                 l_off := l_off + l_amt;
                 l_amt := 8000;
             end loop;
         exception
             when no_data_found then null;
         end;
     end if;
end clob_upper;
begin
    --
    -- maintain pk and timestamps
    --
    if inserting and :new.id is null then
        select to_number(sys_guid(),'XXXXXXXXXXXXXXXXXXXXXXXXXXXXXXXX') into :new.id from dual;
    end if;
    if :new.section_type = 'NAV_PAGE' then
        if :new.nav_include_link is null then
            :new.nav_include_link := 'Y';
        end if;
    end if;
    if inserting and :new.content is not null then
        dbms_lob.createtemporary( :new.content_upper, false, dbms_lob.call );
        clob_upper( :new.content, :new.content_upper );
    elsif updating then
        if :new.content_upper is null then
            dbms_lob.createtemporary( :new.content_upper, false, dbms_lob.call );
        end if;
        clob_upper( :new.content, :new.content_upper );
    end if;
    if inserting then
        :new.created_on := sysdate;
        :new.created_by := nvl(v('APP_USER'),user);
        :new.updated_on := sysdate;
        :new.updated_by := nvl(v('APP_USER'),user);
    elsif updating then
        :new.updated_on := sysdate;
        :new.updated_by := nvl(v('APP_USER'),user);
        if nvl(:old.display_sequence,-999) != nvl(:new.display_sequence,-999) then
            l_sequence_changed := 'Y';
        end if;
        if nvl(:old.title,'jKKwZk') != nvl(:new.title,'jKKwZk') then
            l_title_changed := 'Y';
        end if;
        if dbms_lob.compare(:new.content,:old.content) != 0 or nvl(length(:new.content),0) != nvl(length(:old.content),0) then
            l_content_changed := 'Y';
        end if;
        if l_sequence_changed = 'Y' or l_title_changed = 'Y' or l_content_changed = 'Y' then
            insert into apex$_ws_webpg_section_history (section_id, ws_app_id, webpage_id, old_display_sequence, new_display_sequence,
            old_title, new_title, old_content, new_content, change_date, application_user_id)
            values (:new.id, :new.ws_app_id, :new.webpage_id,
                    decode(l_sequence_changed,'Y',:old.display_sequence,null), decode(l_sequence_changed,'Y',:new.display_sequence,null),
                    decode(l_title_changed,'Y',:old.title,null), decode(l_title_changed,'Y',:new.title,null),
                    decode(l_content_changed,'Y',:old.content,null), decode(l_content_changed,'Y',:new.content,null), sysdate, v('APP_USER'));
        end if;
    end if;
end;
/
ALTER TRIGGER "CALISMAALANI"."APEX$_WS_WEBPG_SECTIONS_T1" ENABLE;
--------------------------------------------------------
--  DDL for Trigger BI_DEMO_USERS
--------------------------------------------------------

  CREATE OR REPLACE TRIGGER "CALISMAALANI"."BI_DEMO_USERS" 
BEFORE
insert on "DEMO_USERS"
for each row
begin
begin
  for c1 in (
    select DEMO_USERS_SEQ.nextval next_val
    from dual
  ) loop
    :new.USER_ID :=  c1.next_val;
    :new.admin_user := 'N';
    :new.created_on := sysdate;
  end loop;
end;
end;
/
ALTER TRIGGER "CALISMAALANI"."BI_DEMO_USERS" ENABLE;
--------------------------------------------------------
--  DDL for Trigger DEMO_ORDER_ITEMS_GET_PRICE
--------------------------------------------------------

  CREATE OR REPLACE TRIGGER "CALISMAALANI"."DEMO_ORDER_ITEMS_GET_PRICE" 
before insert or update on demo_order_items for each row
declare
  l_list_price number;
begin
-- First, we need to get the current list price of the order line item
select list_price into l_list_price from demo_product_info
  where product_id = :new.product_id;

-- Once we have the correct price, we will update the order line with the correct price
:new.unit_price := l_list_price;

end;
/
ALTER TRIGGER "CALISMAALANI"."DEMO_ORDER_ITEMS_GET_PRICE" ENABLE;
--------------------------------------------------------
--  DDL for Trigger DEMO_USERS_T1
--------------------------------------------------------

  CREATE OR REPLACE TRIGGER "CALISMAALANI"."DEMO_USERS_T1" 
BEFORE
insert or update on "DEMO_USERS"
for each row
begin
:NEW.user_name := upper(:NEW.user_name);
end;
/
ALTER TRIGGER "CALISMAALANI"."DEMO_USERS_T1" ENABLE;
--------------------------------------------------------
--  DDL for Trigger INSERT_DEMO_CUST
--------------------------------------------------------

  CREATE OR REPLACE TRIGGER "CALISMAALANI"."INSERT_DEMO_CUST" 
BEFORE INSERT ON demo_customers
FOR EACH ROW
DECLARE
  cust_id number;
BEGIN
  SELECT demo_cust_seq.nextval
    INTO cust_id
    FROM dual;
  :new.CUSTOMER_ID := cust_id;
END;
/
ALTER TRIGGER "CALISMAALANI"."INSERT_DEMO_CUST" ENABLE;
--------------------------------------------------------
--  DDL for Trigger INSERT_DEMO_ORDER_ITEMS
--------------------------------------------------------

  CREATE OR REPLACE TRIGGER "CALISMAALANI"."INSERT_DEMO_ORDER_ITEMS" 
BEFORE
insert on "DEMO_ORDER_ITEMS"
for each row
begin
declare
  order_item_id number;
begin
select demo_order_items_seq.nextval into order_item_id from dual;
:new.ORDER_ITEM_ID := order_item_id;
end;
end;
/
ALTER TRIGGER "CALISMAALANI"."INSERT_DEMO_ORDER_ITEMS" ENABLE;
--------------------------------------------------------
--  DDL for Trigger INSERT_DEMO_PROD
--------------------------------------------------------

  CREATE OR REPLACE TRIGGER "CALISMAALANI"."INSERT_DEMO_PROD" 
BEFORE INSERT ON demo_product_info
FOR EACH ROW
DECLARE
  prod_id number;
BEGIN
  SELECT demo_prod_seq.nextval
    INTO prod_id
    FROM dual;
  :new.PRODUCT_ID := prod_id;
END;
/
ALTER TRIGGER "CALISMAALANI"."INSERT_DEMO_PROD" ENABLE;
--------------------------------------------------------
--  DDL for Trigger UPDATE_ORDER_TOTAL
--------------------------------------------------------

  CREATE OR REPLACE TRIGGER "CALISMAALANI"."UPDATE_ORDER_TOTAL" 
after insert or update or delete on demo_order_items
begin

-- Update the Order Total when any order item is changed

update demo_orders set order_total =
  (select sum(unit_price*quantity) from demo_order_items
    where demo_order_items.order_id = demo_orders.order_id);
end;
/
ALTER TRIGGER "CALISMAALANI"."UPDATE_ORDER_TOTAL" ENABLE;
--------------------------------------------------------
--  DDL for Function CUSTOM_AUTH
--------------------------------------------------------

  CREATE OR REPLACE FUNCTION "CALISMAALANI"."CUSTOM_AUTH" (p_username in VARCHAR2, p_password in VARCHAR2)
return BOOLEAN
is
  l_password varchar2(4000);
  l_stored_password varchar2(4000);
  l_expires_on date;
  l_count number;
begin
-- First, check to see if the user is in the user table
select count(*) into l_count from demo_users where user_name = p_username;
if l_count > 0 then
  -- First, we fetch the stored hashed password & expire date
  select password, expires_on into l_stored_password, l_expires_on
   from demo_users where user_name = p_username;

  -- Next, we check to see if the user's account is expired
  -- If it is, return FALSE
  if l_expires_on > sysdate or l_expires_on is null then

    -- If the account is not expired, we have to apply the custom hash
    -- function to the password
    l_password := custom_hash(p_username, p_password);

    -- Finally, we compare them to see if they are the same and return
    -- either TRUE or FALSE
    if l_password = l_stored_password then
      return true;
    else
      return false;
    end if;
  else
    return false;
  end if;
else
  -- The username provided is not in the DEMO_USERS table
  return false;
end if;
end;

/
--------------------------------------------------------
--  DDL for Function CUSTOM_HASH
--------------------------------------------------------

  CREATE OR REPLACE FUNCTION "CALISMAALANI"."CUSTOM_HASH" (p_username in varchar2, p_password in varchar2)
return varchar2
is
  l_password varchar2(4000);
  l_salt varchar2(4000) := '8CKV60YGBU4DS3J92E3A6L723RWFAO';
begin

-- This function should be wrapped, as the hash algorhythm is exposed here.
-- You can change the value of l_salt or the method of which to call the
-- DBMS_OBFUSCATOIN toolkit, but you much reset all of your passwords
-- if you choose to do this.

l_password := utl_raw.cast_to_raw(dbms_obfuscation_toolkit.md5
  (input_string => p_password || substr(l_salt,10,13) || p_username ||
    substr(l_salt, 4,10)));
return l_password;
end;

/
--------------------------------------------------------
--  Constraints for Table APEX$_WS_ROWS
--------------------------------------------------------

  ALTER TABLE "CALISMAALANI"."APEX$_WS_ROWS" ADD CONSTRAINT "APEX$_WS_ROWS_PK" PRIMARY KEY ("ID")
  USING INDEX PCTFREE 10 INITRANS 2 MAXTRANS 255 COMPUTE STATISTICS 
  STORAGE(INITIAL 65536 NEXT 1048576 MINEXTENTS 1 MAXEXTENTS 2147483645
  PCTINCREASE 0 FREELISTS 1 FREELIST GROUPS 1 BUFFER_POOL DEFAULT FLASH_CACHE DEFAULT CELL_FLASH_CACHE DEFAULT)
  TABLESPACE "USERS"  ENABLE;
  ALTER TABLE "CALISMAALANI"."APEX$_WS_ROWS" MODIFY ("CREATED_BY" NOT NULL ENABLE);
  ALTER TABLE "CALISMAALANI"."APEX$_WS_ROWS" MODIFY ("CREATED_ON" NOT NULL ENABLE);
  ALTER TABLE "CALISMAALANI"."APEX$_WS_ROWS" MODIFY ("DATA_GRID_ID" NOT NULL ENABLE);
  ALTER TABLE "CALISMAALANI"."APEX$_WS_ROWS" MODIFY ("WS_APP_ID" NOT NULL ENABLE);
  ALTER TABLE "CALISMAALANI"."APEX$_WS_ROWS" MODIFY ("ID" NOT NULL ENABLE);
--------------------------------------------------------
--  Constraints for Table TYPES
--------------------------------------------------------

  ALTER TABLE "CALISMAALANI"."TYPES" ADD PRIMARY KEY ("ID")
  USING INDEX PCTFREE 10 INITRANS 2 MAXTRANS 255 COMPUTE STATISTICS 
  STORAGE(INITIAL 65536 NEXT 1048576 MINEXTENTS 1 MAXEXTENTS 2147483645
  PCTINCREASE 0 FREELISTS 1 FREELIST GROUPS 1 BUFFER_POOL DEFAULT FLASH_CACHE DEFAULT CELL_FLASH_CACHE DEFAULT)
  TABLESPACE "USERS"  ENABLE;
  ALTER TABLE "CALISMAALANI"."TYPES" MODIFY ("VEHICLE_ID" NOT NULL ENABLE);
  ALTER TABLE "CALISMAALANI"."TYPES" MODIFY ("TYPE_ID" NOT NULL ENABLE);
  ALTER TABLE "CALISMAALANI"."TYPES" MODIFY ("ID" NOT NULL ENABLE);
--------------------------------------------------------
--  Constraints for Table DEPT
--------------------------------------------------------

  ALTER TABLE "CALISMAALANI"."DEPT" ADD PRIMARY KEY ("DEPTNO")
  USING INDEX PCTFREE 10 INITRANS 2 MAXTRANS 255 COMPUTE STATISTICS 
  STORAGE(INITIAL 65536 NEXT 1048576 MINEXTENTS 1 MAXEXTENTS 2147483645
  PCTINCREASE 0 FREELISTS 1 FREELIST GROUPS 1 BUFFER_POOL DEFAULT FLASH_CACHE DEFAULT CELL_FLASH_CACHE DEFAULT)
  TABLESPACE "USERS"  ENABLE;
--------------------------------------------------------
--  Constraints for Table MODELS
--------------------------------------------------------

  ALTER TABLE "CALISMAALANI"."MODELS" ADD PRIMARY KEY ("ID")
  USING INDEX PCTFREE 10 INITRANS 2 MAXTRANS 255 COMPUTE STATISTICS 
  STORAGE(INITIAL 65536 NEXT 1048576 MINEXTENTS 1 MAXEXTENTS 2147483645
  PCTINCREASE 0 FREELISTS 1 FREELIST GROUPS 1 BUFFER_POOL DEFAULT FLASH_CACHE DEFAULT CELL_FLASH_CACHE DEFAULT)
  TABLESPACE "USERS"  ENABLE;
  ALTER TABLE "CALISMAALANI"."MODELS" MODIFY ("VEHICLE_ID" NOT NULL ENABLE);
  ALTER TABLE "CALISMAALANI"."MODELS" MODIFY ("MODEL_ID" NOT NULL ENABLE);
  ALTER TABLE "CALISMAALANI"."MODELS" MODIFY ("BRAND_ID" NOT NULL ENABLE);
  ALTER TABLE "CALISMAALANI"."MODELS" MODIFY ("ID" NOT NULL ENABLE);
--------------------------------------------------------
--  Constraints for Table DEMO_ORDER_ITEMS
--------------------------------------------------------

  ALTER TABLE "CALISMAALANI"."DEMO_ORDER_ITEMS" ADD CONSTRAINT "DEMO_ORDER_ITEMS_PK" PRIMARY KEY ("ORDER_ITEM_ID")
  USING INDEX PCTFREE 10 INITRANS 2 MAXTRANS 255 COMPUTE STATISTICS 
  STORAGE(INITIAL 65536 NEXT 1048576 MINEXTENTS 1 MAXEXTENTS 2147483645
  PCTINCREASE 0 FREELISTS 1 FREELIST GROUPS 1 BUFFER_POOL DEFAULT FLASH_CACHE DEFAULT CELL_FLASH_CACHE DEFAULT)
  TABLESPACE "USERS"  ENABLE;
  ALTER TABLE "CALISMAALANI"."DEMO_ORDER_ITEMS" MODIFY ("QUANTITY" NOT NULL ENABLE);
  ALTER TABLE "CALISMAALANI"."DEMO_ORDER_ITEMS" MODIFY ("UNIT_PRICE" NOT NULL ENABLE);
  ALTER TABLE "CALISMAALANI"."DEMO_ORDER_ITEMS" MODIFY ("PRODUCT_ID" NOT NULL ENABLE);
  ALTER TABLE "CALISMAALANI"."DEMO_ORDER_ITEMS" MODIFY ("ORDER_ID" NOT NULL ENABLE);
  ALTER TABLE "CALISMAALANI"."DEMO_ORDER_ITEMS" MODIFY ("ORDER_ITEM_ID" NOT NULL ENABLE);
--------------------------------------------------------
--  Constraints for Table BRANDS
--------------------------------------------------------

  ALTER TABLE "CALISMAALANI"."BRANDS" ADD PRIMARY KEY ("ID")
  USING INDEX PCTFREE 10 INITRANS 2 MAXTRANS 255 COMPUTE STATISTICS 
  STORAGE(INITIAL 65536 NEXT 1048576 MINEXTENTS 1 MAXEXTENTS 2147483645
  PCTINCREASE 0 FREELISTS 1 FREELIST GROUPS 1 BUFFER_POOL DEFAULT FLASH_CACHE DEFAULT CELL_FLASH_CACHE DEFAULT)
  TABLESPACE "USERS"  ENABLE;
  ALTER TABLE "CALISMAALANI"."BRANDS" MODIFY ("VEHICLE_ID" NOT NULL ENABLE);
  ALTER TABLE "CALISMAALANI"."BRANDS" MODIFY ("BRAND_ID" NOT NULL ENABLE);
  ALTER TABLE "CALISMAALANI"."BRANDS" MODIFY ("ID" NOT NULL ENABLE);
--------------------------------------------------------
--  Constraints for Table DEMO_CUSTOMERS
--------------------------------------------------------

  ALTER TABLE "CALISMAALANI"."DEMO_CUSTOMERS" ADD CONSTRAINT "DEMO_CUSTOMERS_PK" PRIMARY KEY ("CUSTOMER_ID")
  USING INDEX PCTFREE 10 INITRANS 2 MAXTRANS 255 COMPUTE STATISTICS 
  STORAGE(INITIAL 65536 NEXT 1048576 MINEXTENTS 1 MAXEXTENTS 2147483645
  PCTINCREASE 0 FREELISTS 1 FREELIST GROUPS 1 BUFFER_POOL DEFAULT FLASH_CACHE DEFAULT CELL_FLASH_CACHE DEFAULT)
  TABLESPACE "USERS"  ENABLE;
  ALTER TABLE "CALISMAALANI"."DEMO_CUSTOMERS" ADD CONSTRAINT "DEMO_CUST_CREDIT_LIMIT_MAX" CHECK (credit_limit <= 5000) ENABLE;
  ALTER TABLE "CALISMAALANI"."DEMO_CUSTOMERS" MODIFY ("CUST_LAST_NAME" NOT NULL ENABLE);
  ALTER TABLE "CALISMAALANI"."DEMO_CUSTOMERS" MODIFY ("CUST_FIRST_NAME" NOT NULL ENABLE);
  ALTER TABLE "CALISMAALANI"."DEMO_CUSTOMERS" MODIFY ("CUSTOMER_ID" NOT NULL ENABLE);
--------------------------------------------------------
--  Constraints for Table CITIES
--------------------------------------------------------

  ALTER TABLE "CALISMAALANI"."CITIES" ADD PRIMARY KEY ("ID")
  USING INDEX PCTFREE 10 INITRANS 2 MAXTRANS 255 COMPUTE STATISTICS 
  STORAGE(INITIAL 65536 NEXT 1048576 MINEXTENTS 1 MAXEXTENTS 2147483645
  PCTINCREASE 0 FREELISTS 1 FREELIST GROUPS 1 BUFFER_POOL DEFAULT FLASH_CACHE DEFAULT CELL_FLASH_CACHE DEFAULT)
  TABLESPACE "USERS"  ENABLE;
  ALTER TABLE "CALISMAALANI"."CITIES" MODIFY ("ID" NOT NULL ENABLE);
--------------------------------------------------------
--  Constraints for Table VEHICLES
--------------------------------------------------------

  ALTER TABLE "CALISMAALANI"."VEHICLES" ADD PRIMARY KEY ("ID")
  USING INDEX PCTFREE 10 INITRANS 2 MAXTRANS 255 COMPUTE STATISTICS 
  STORAGE(INITIAL 65536 NEXT 1048576 MINEXTENTS 1 MAXEXTENTS 2147483645
  PCTINCREASE 0 FREELISTS 1 FREELIST GROUPS 1 BUFFER_POOL DEFAULT FLASH_CACHE DEFAULT CELL_FLASH_CACHE DEFAULT)
  TABLESPACE "USERS"  ENABLE;
  ALTER TABLE "CALISMAALANI"."VEHICLES" MODIFY ("ID" NOT NULL ENABLE);
--------------------------------------------------------
--  Constraints for Table APEX$_WS_LINKS
--------------------------------------------------------

  ALTER TABLE "CALISMAALANI"."APEX$_WS_LINKS" ADD CONSTRAINT "APEX$_WS_LINKS_PK" PRIMARY KEY ("ID")
  USING INDEX PCTFREE 10 INITRANS 2 MAXTRANS 255 COMPUTE STATISTICS 
  STORAGE(INITIAL 65536 NEXT 1048576 MINEXTENTS 1 MAXEXTENTS 2147483645
  PCTINCREASE 0 FREELISTS 1 FREELIST GROUPS 1 BUFFER_POOL DEFAULT FLASH_CACHE DEFAULT CELL_FLASH_CACHE DEFAULT)
  TABLESPACE "USERS"  ENABLE;
  ALTER TABLE "CALISMAALANI"."APEX$_WS_LINKS" ADD CONSTRAINT "APEX$_WS_LINKS_SH_CK" CHECK (show_on_homepage in ('Y','N')) ENABLE;
  ALTER TABLE "CALISMAALANI"."APEX$_WS_LINKS" ADD CONSTRAINT "APEX$_WS_LINKS_CL_CK" CHECK (component_level in ('WEBSHEET','ROW','WORKSPACE','WEBPAGE')) ENABLE;
  ALTER TABLE "CALISMAALANI"."APEX$_WS_LINKS" MODIFY ("CREATED_BY" NOT NULL ENABLE);
  ALTER TABLE "CALISMAALANI"."APEX$_WS_LINKS" MODIFY ("CREATED_ON" NOT NULL ENABLE);
  ALTER TABLE "CALISMAALANI"."APEX$_WS_LINKS" MODIFY ("URL" NOT NULL ENABLE);
  ALTER TABLE "CALISMAALANI"."APEX$_WS_LINKS" MODIFY ("LINK_NAME" NOT NULL ENABLE);
  ALTER TABLE "CALISMAALANI"."APEX$_WS_LINKS" MODIFY ("WS_APP_ID" NOT NULL ENABLE);
--------------------------------------------------------
--  Constraints for Table CITY
--------------------------------------------------------

  ALTER TABLE "CALISMAALANI"."CITY" ADD CONSTRAINT "PK_CITY_ID" PRIMARY KEY ("ID")
  USING INDEX PCTFREE 10 INITRANS 2 MAXTRANS 255 COMPUTE STATISTICS 
  STORAGE(INITIAL 65536 NEXT 1048576 MINEXTENTS 1 MAXEXTENTS 2147483645
  PCTINCREASE 0 FREELISTS 1 FREELIST GROUPS 1 BUFFER_POOL DEFAULT FLASH_CACHE DEFAULT CELL_FLASH_CACHE DEFAULT)
  TABLESPACE "USERS"  ENABLE;
  ALTER TABLE "CALISMAALANI"."CITY" MODIFY ("ID" NOT NULL ENABLE);
--------------------------------------------------------
--  Constraints for Table APEX$_WS_NOTES
--------------------------------------------------------

  ALTER TABLE "CALISMAALANI"."APEX$_WS_NOTES" ADD CONSTRAINT "APEX$_WS_NOTES_PK" PRIMARY KEY ("ID")
  USING INDEX PCTFREE 10 INITRANS 2 MAXTRANS 255 COMPUTE STATISTICS 
  STORAGE(INITIAL 65536 NEXT 1048576 MINEXTENTS 1 MAXEXTENTS 2147483645
  PCTINCREASE 0 FREELISTS 1 FREELIST GROUPS 1 BUFFER_POOL DEFAULT FLASH_CACHE DEFAULT CELL_FLASH_CACHE DEFAULT)
  TABLESPACE "USERS"  ENABLE;
  ALTER TABLE "CALISMAALANI"."APEX$_WS_NOTES" ADD CONSTRAINT "APEX$_WS_NOTES_CL_CK" CHECK (component_level in ('WEBSHEET','ROW','WORKSPACE','WEBPAGE')) ENABLE;
  ALTER TABLE "CALISMAALANI"."APEX$_WS_NOTES" MODIFY ("CREATED_BY" NOT NULL ENABLE);
  ALTER TABLE "CALISMAALANI"."APEX$_WS_NOTES" MODIFY ("CREATED_ON" NOT NULL ENABLE);
  ALTER TABLE "CALISMAALANI"."APEX$_WS_NOTES" MODIFY ("WS_APP_ID" NOT NULL ENABLE);
--------------------------------------------------------
--  Constraints for Table APEX$_WS_TAGS
--------------------------------------------------------

  ALTER TABLE "CALISMAALANI"."APEX$_WS_TAGS" ADD CONSTRAINT "APEX$_WS_TAGS_PK" PRIMARY KEY ("ID")
  USING INDEX PCTFREE 10 INITRANS 2 MAXTRANS 255 COMPUTE STATISTICS 
  STORAGE(INITIAL 65536 NEXT 1048576 MINEXTENTS 1 MAXEXTENTS 2147483645
  PCTINCREASE 0 FREELISTS 1 FREELIST GROUPS 1 BUFFER_POOL DEFAULT FLASH_CACHE DEFAULT CELL_FLASH_CACHE DEFAULT)
  TABLESPACE "USERS"  ENABLE;
  ALTER TABLE "CALISMAALANI"."APEX$_WS_TAGS" ADD CONSTRAINT "APEX$_WS_TAGS_CL_CK" CHECK (component_level in ('WEBSHEET','ROW','WORKSPACE','WEBPAGE')) ENABLE;
  ALTER TABLE "CALISMAALANI"."APEX$_WS_TAGS" MODIFY ("CREATED_BY" NOT NULL ENABLE);
  ALTER TABLE "CALISMAALANI"."APEX$_WS_TAGS" MODIFY ("CREATED_ON" NOT NULL ENABLE);
  ALTER TABLE "CALISMAALANI"."APEX$_WS_TAGS" MODIFY ("WS_APP_ID" NOT NULL ENABLE);
--------------------------------------------------------
--  Constraints for Table EMP
--------------------------------------------------------

  ALTER TABLE "CALISMAALANI"."EMP" ADD PRIMARY KEY ("EMPNO")
  USING INDEX PCTFREE 10 INITRANS 2 MAXTRANS 255 COMPUTE STATISTICS 
  STORAGE(INITIAL 65536 NEXT 1048576 MINEXTENTS 1 MAXEXTENTS 2147483645
  PCTINCREASE 0 FREELISTS 1 FREELIST GROUPS 1 BUFFER_POOL DEFAULT FLASH_CACHE DEFAULT CELL_FLASH_CACHE DEFAULT)
  TABLESPACE "USERS"  ENABLE;
  ALTER TABLE "CALISMAALANI"."EMP" MODIFY ("EMPNO" NOT NULL ENABLE);
--------------------------------------------------------
--  Constraints for Table DEMO_PRODUCT_INFO
--------------------------------------------------------

  ALTER TABLE "CALISMAALANI"."DEMO_PRODUCT_INFO" ADD CONSTRAINT "DEMO_PRODUCT_INFO_PK" PRIMARY KEY ("PRODUCT_ID")
  USING INDEX PCTFREE 10 INITRANS 2 MAXTRANS 255 COMPUTE STATISTICS 
  STORAGE(INITIAL 65536 NEXT 1048576 MINEXTENTS 1 MAXEXTENTS 2147483645
  PCTINCREASE 0 FREELISTS 1 FREELIST GROUPS 1 BUFFER_POOL DEFAULT FLASH_CACHE DEFAULT CELL_FLASH_CACHE DEFAULT)
  TABLESPACE "USERS"  ENABLE;
  ALTER TABLE "CALISMAALANI"."DEMO_PRODUCT_INFO" MODIFY ("PRODUCT_ID" NOT NULL ENABLE);
--------------------------------------------------------
--  Constraints for Table ADVERTISEMENTS
--------------------------------------------------------

  ALTER TABLE "CALISMAALANI"."ADVERTISEMENTS" ADD PRIMARY KEY ("AD_ID")
  USING INDEX PCTFREE 10 INITRANS 2 MAXTRANS 255 COMPUTE STATISTICS 
  STORAGE(INITIAL 65536 NEXT 1048576 MINEXTENTS 1 MAXEXTENTS 2147483645
  PCTINCREASE 0 FREELISTS 1 FREELIST GROUPS 1 BUFFER_POOL DEFAULT FLASH_CACHE DEFAULT CELL_FLASH_CACHE DEFAULT)
  TABLESPACE "USERS"  ENABLE;
  ALTER TABLE "CALISMAALANI"."ADVERTISEMENTS" MODIFY ("YEAR" NOT NULL ENABLE);
  ALTER TABLE "CALISMAALANI"."ADVERTISEMENTS" MODIFY ("TV" NOT NULL ENABLE);
  ALTER TABLE "CALISMAALANI"."ADVERTISEMENTS" MODIFY ("PRICE" NOT NULL ENABLE);
  ALTER TABLE "CALISMAALANI"."ADVERTISEMENTS" MODIFY ("NAVIGATION" NOT NULL ENABLE);
  ALTER TABLE "CALISMAALANI"."ADVERTISEMENTS" MODIFY ("LANE" NOT NULL ENABLE);
  ALTER TABLE "CALISMAALANI"."ADVERTISEMENTS" MODIFY ("KM" NOT NULL ENABLE);
  ALTER TABLE "CALISMAALANI"."ADVERTISEMENTS" MODIFY ("IMMOBILIZER" NOT NULL ENABLE);
  ALTER TABLE "CALISMAALANI"."ADVERTISEMENTS" MODIFY ("HILL" NOT NULL ENABLE);
  ALTER TABLE "CALISMAALANI"."ADVERTISEMENTS" MODIFY ("ENTERTAINMENT" NOT NULL ENABLE);
  ALTER TABLE "CALISMAALANI"."ADVERTISEMENTS" MODIFY ("CRUISE" NOT NULL ENABLE);
  ALTER TABLE "CALISMAALANI"."ADVERTISEMENTS" MODIFY ("COLOR" NOT NULL ENABLE);
  ALTER TABLE "CALISMAALANI"."ADVERTISEMENTS" MODIFY ("CHANGING" NOT NULL ENABLE);
  ALTER TABLE "CALISMAALANI"."ADVERTISEMENTS" MODIFY ("CD" NOT NULL ENABLE);
  ALTER TABLE "CALISMAALANI"."ADVERTISEMENTS" MODIFY ("CAMERA" NOT NULL ENABLE);
  ALTER TABLE "CALISMAALANI"."ADVERTISEMENTS" MODIFY ("BLUETOOTH" NOT NULL ENABLE);
  ALTER TABLE "CALISMAALANI"."ADVERTISEMENTS" MODIFY ("AIRBAG" NOT NULL ENABLE);
  ALTER TABLE "CALISMAALANI"."ADVERTISEMENTS" MODIFY ("ACTIVE" NOT NULL ENABLE);
  ALTER TABLE "CALISMAALANI"."ADVERTISEMENTS" MODIFY ("AC" NOT NULL ENABLE);
  ALTER TABLE "CALISMAALANI"."ADVERTISEMENTS" MODIFY ("ABC" NOT NULL ENABLE);
  ALTER TABLE "CALISMAALANI"."ADVERTISEMENTS" MODIFY ("AD_ID" NOT NULL ENABLE);
--------------------------------------------------------
--  Constraints for Table APEX$_WS_WEBPG_SECTION_HISTORY
--------------------------------------------------------

  ALTER TABLE "CALISMAALANI"."APEX$_WS_WEBPG_SECTION_HISTORY" MODIFY ("CHANGE_DATE" NOT NULL ENABLE);
  ALTER TABLE "CALISMAALANI"."APEX$_WS_WEBPG_SECTION_HISTORY" MODIFY ("APPLICATION_USER_ID" NOT NULL ENABLE);
  ALTER TABLE "CALISMAALANI"."APEX$_WS_WEBPG_SECTION_HISTORY" MODIFY ("WEBPAGE_ID" NOT NULL ENABLE);
  ALTER TABLE "CALISMAALANI"."APEX$_WS_WEBPG_SECTION_HISTORY" MODIFY ("WS_APP_ID" NOT NULL ENABLE);
  ALTER TABLE "CALISMAALANI"."APEX$_WS_WEBPG_SECTION_HISTORY" MODIFY ("SECTION_ID" NOT NULL ENABLE);
--------------------------------------------------------
--  Constraints for Table APEX$_WS_WEBPG_SECTIONS
--------------------------------------------------------

  ALTER TABLE "CALISMAALANI"."APEX$_WS_WEBPG_SECTIONS" ADD CONSTRAINT "APEX$_WS_WEBPG_SECTIONS_PK" PRIMARY KEY ("ID")
  USING INDEX PCTFREE 10 INITRANS 2 MAXTRANS 255 COMPUTE STATISTICS 
  STORAGE(INITIAL 65536 NEXT 1048576 MINEXTENTS 1 MAXEXTENTS 2147483645
  PCTINCREASE 0 FREELISTS 1 FREELIST GROUPS 1 BUFFER_POOL DEFAULT FLASH_CACHE DEFAULT CELL_FLASH_CACHE DEFAULT)
  TABLESPACE "USERS"  ENABLE;
  ALTER TABLE "CALISMAALANI"."APEX$_WS_WEBPG_SECTIONS" ADD CONSTRAINT "APEX$_WS_WEBPG_SECTION_3D_CK" CHECK (chart_3d in ('Y','N')) ENABLE;
  ALTER TABLE "CALISMAALANI"."APEX$_WS_WEBPG_SECTIONS" ADD CONSTRAINT "APEX$_WS_WEBPG_SECTION_LINK_CK" CHECK (nav_include_link in ('Y','N')) ENABLE;
  ALTER TABLE "CALISMAALANI"."APEX$_WS_WEBPG_SECTIONS" ADD CONSTRAINT "APEX$_WS_WEBPG_SECTION_TYPE_CK" CHECK (section_type in ('TEXT','DATA','CHART','NAV_PAGE','NAV_SECTION')) ENABLE;
  ALTER TABLE "CALISMAALANI"."APEX$_WS_WEBPG_SECTIONS" MODIFY ("CREATED_BY" NOT NULL ENABLE);
  ALTER TABLE "CALISMAALANI"."APEX$_WS_WEBPG_SECTIONS" MODIFY ("CREATED_ON" NOT NULL ENABLE);
  ALTER TABLE "CALISMAALANI"."APEX$_WS_WEBPG_SECTIONS" MODIFY ("SECTION_TYPE" NOT NULL ENABLE);
  ALTER TABLE "CALISMAALANI"."APEX$_WS_WEBPG_SECTIONS" MODIFY ("WS_APP_ID" NOT NULL ENABLE);
  ALTER TABLE "CALISMAALANI"."APEX$_WS_WEBPG_SECTIONS" MODIFY ("ID" NOT NULL ENABLE);
--------------------------------------------------------
--  Constraints for Table USERS
--------------------------------------------------------

  ALTER TABLE "CALISMAALANI"."USERS" ADD PRIMARY KEY ("ID")
  USING INDEX PCTFREE 10 INITRANS 2 MAXTRANS 255 COMPUTE STATISTICS 
  STORAGE(INITIAL 65536 NEXT 1048576 MINEXTENTS 1 MAXEXTENTS 2147483645
  PCTINCREASE 0 FREELISTS 1 FREELIST GROUPS 1 BUFFER_POOL DEFAULT FLASH_CACHE DEFAULT CELL_FLASH_CACHE DEFAULT)
  TABLESPACE "USERS"  ENABLE;
  ALTER TABLE "CALISMAALANI"."USERS" MODIFY ("ACTIVE" NOT NULL ENABLE);
  ALTER TABLE "CALISMAALANI"."USERS" MODIFY ("ID" NOT NULL ENABLE);
--------------------------------------------------------
--  Constraints for Table APEX$_WS_FILES
--------------------------------------------------------

  ALTER TABLE "CALISMAALANI"."APEX$_WS_FILES" ADD CONSTRAINT "APEX$_WS_FILES_PK" PRIMARY KEY ("ID")
  USING INDEX PCTFREE 10 INITRANS 2 MAXTRANS 255 COMPUTE STATISTICS 
  STORAGE(INITIAL 65536 NEXT 1048576 MINEXTENTS 1 MAXEXTENTS 2147483645
  PCTINCREASE 0 FREELISTS 1 FREELIST GROUPS 1 BUFFER_POOL DEFAULT FLASH_CACHE DEFAULT CELL_FLASH_CACHE DEFAULT)
  TABLESPACE "USERS"  ENABLE;
  ALTER TABLE "CALISMAALANI"."APEX$_WS_FILES" ADD CONSTRAINT "APEX$_WS_FILES_CL_CK" CHECK (component_level in ('WEBSHEET','ROW','WORKSPACE','WEBPAGE')) ENABLE;
  ALTER TABLE "CALISMAALANI"."APEX$_WS_FILES" MODIFY ("CREATED_BY" NOT NULL ENABLE);
  ALTER TABLE "CALISMAALANI"."APEX$_WS_FILES" MODIFY ("CREATED_ON" NOT NULL ENABLE);
  ALTER TABLE "CALISMAALANI"."APEX$_WS_FILES" MODIFY ("MIME_TYPE" NOT NULL ENABLE);
  ALTER TABLE "CALISMAALANI"."APEX$_WS_FILES" MODIFY ("NAME" NOT NULL ENABLE);
  ALTER TABLE "CALISMAALANI"."APEX$_WS_FILES" MODIFY ("WS_APP_ID" NOT NULL ENABLE);
--------------------------------------------------------
--  Constraints for Table APEX$_ACL
--------------------------------------------------------

  ALTER TABLE "CALISMAALANI"."APEX$_ACL" ADD CONSTRAINT "APEX$_ACL_PK" PRIMARY KEY ("ID")
  USING INDEX PCTFREE 10 INITRANS 2 MAXTRANS 255 COMPUTE STATISTICS 
  STORAGE(INITIAL 65536 NEXT 1048576 MINEXTENTS 1 MAXEXTENTS 2147483645
  PCTINCREASE 0 FREELISTS 1 FREELIST GROUPS 1 BUFFER_POOL DEFAULT FLASH_CACHE DEFAULT CELL_FLASH_CACHE DEFAULT)
  TABLESPACE "USERS"  ENABLE;
  ALTER TABLE "CALISMAALANI"."APEX$_ACL" ADD CONSTRAINT "APEX$_ACL_PRIV_CK" CHECK (priv in ('R','C','A')) ENABLE;
  ALTER TABLE "CALISMAALANI"."APEX$_ACL" MODIFY ("CREATED_BY" NOT NULL ENABLE);
  ALTER TABLE "CALISMAALANI"."APEX$_ACL" MODIFY ("CREATED_ON" NOT NULL ENABLE);
  ALTER TABLE "CALISMAALANI"."APEX$_ACL" MODIFY ("PRIV" NOT NULL ENABLE);
  ALTER TABLE "CALISMAALANI"."APEX$_ACL" MODIFY ("USERNAME" NOT NULL ENABLE);
  ALTER TABLE "CALISMAALANI"."APEX$_ACL" MODIFY ("WS_APP_ID" NOT NULL ENABLE);
  ALTER TABLE "CALISMAALANI"."APEX$_ACL" MODIFY ("ID" NOT NULL ENABLE);
--------------------------------------------------------
--  Constraints for Table APEX$_WS_HISTORY
--------------------------------------------------------

  ALTER TABLE "CALISMAALANI"."APEX$_WS_HISTORY" MODIFY ("DATA_GRID_ID" NOT NULL ENABLE);
  ALTER TABLE "CALISMAALANI"."APEX$_WS_HISTORY" MODIFY ("WS_APP_ID" NOT NULL ENABLE);
  ALTER TABLE "CALISMAALANI"."APEX$_WS_HISTORY" MODIFY ("ROW_ID" NOT NULL ENABLE);
--------------------------------------------------------
--  Constraints for Table DEMO_USERS
--------------------------------------------------------

  ALTER TABLE "CALISMAALANI"."DEMO_USERS" ADD CONSTRAINT "DEMO_USERS_PK" PRIMARY KEY ("USER_ID")
  USING INDEX PCTFREE 10 INITRANS 2 MAXTRANS 255 COMPUTE STATISTICS 
  STORAGE(INITIAL 65536 NEXT 1048576 MINEXTENTS 1 MAXEXTENTS 2147483645
  PCTINCREASE 0 FREELISTS 1 FREELIST GROUPS 1 BUFFER_POOL DEFAULT FLASH_CACHE DEFAULT CELL_FLASH_CACHE DEFAULT)
  TABLESPACE "USERS"  ENABLE;
--------------------------------------------------------
--  Constraints for Table DEMO_ORDERS
--------------------------------------------------------

  ALTER TABLE "CALISMAALANI"."DEMO_ORDERS" ADD CONSTRAINT "DEMO_ORDER_PK" PRIMARY KEY ("ORDER_ID")
  USING INDEX PCTFREE 10 INITRANS 2 MAXTRANS 255 COMPUTE STATISTICS 
  STORAGE(INITIAL 65536 NEXT 1048576 MINEXTENTS 1 MAXEXTENTS 2147483645
  PCTINCREASE 0 FREELISTS 1 FREELIST GROUPS 1 BUFFER_POOL DEFAULT FLASH_CACHE DEFAULT CELL_FLASH_CACHE DEFAULT)
  TABLESPACE "USERS"  ENABLE;
  ALTER TABLE "CALISMAALANI"."DEMO_ORDERS" ADD CONSTRAINT "DEMO_ORDER_TOTAL_MIN" CHECK (order_total >= 0) ENABLE;
  ALTER TABLE "CALISMAALANI"."DEMO_ORDERS" MODIFY ("CUSTOMER_ID" NOT NULL ENABLE);
  ALTER TABLE "CALISMAALANI"."DEMO_ORDERS" MODIFY ("ORDER_ID" NOT NULL ENABLE);
--------------------------------------------------------
--  Ref Constraints for Table APEX$_WS_FILES
--------------------------------------------------------

  ALTER TABLE "CALISMAALANI"."APEX$_WS_FILES" ADD CONSTRAINT "APEX$_WS_FILES_FK" FOREIGN KEY ("ROW_ID")
	  REFERENCES "CALISMAALANI"."APEX$_WS_ROWS" ("ID") ON DELETE CASCADE ENABLE;
--------------------------------------------------------
--  Ref Constraints for Table APEX$_WS_LINKS
--------------------------------------------------------

  ALTER TABLE "CALISMAALANI"."APEX$_WS_LINKS" ADD CONSTRAINT "APEX$_WS_LINKS_FK" FOREIGN KEY ("ROW_ID")
	  REFERENCES "CALISMAALANI"."APEX$_WS_ROWS" ("ID") ON DELETE CASCADE ENABLE;
--------------------------------------------------------
--  Ref Constraints for Table APEX$_WS_NOTES
--------------------------------------------------------

  ALTER TABLE "CALISMAALANI"."APEX$_WS_NOTES" ADD CONSTRAINT "APEX$_WS_NOTES_FK" FOREIGN KEY ("ROW_ID")
	  REFERENCES "CALISMAALANI"."APEX$_WS_ROWS" ("ID") ON DELETE CASCADE ENABLE;
--------------------------------------------------------
--  Ref Constraints for Table APEX$_WS_TAGS
--------------------------------------------------------

  ALTER TABLE "CALISMAALANI"."APEX$_WS_TAGS" ADD CONSTRAINT "APEX$_WS_TAGS_FK" FOREIGN KEY ("ROW_ID")
	  REFERENCES "CALISMAALANI"."APEX$_WS_ROWS" ("ID") ON DELETE CASCADE ENABLE;
--------------------------------------------------------
--  Ref Constraints for Table DEMO_ORDERS
--------------------------------------------------------

  ALTER TABLE "CALISMAALANI"."DEMO_ORDERS" ADD CONSTRAINT "DEMO_ORDERS_CUSTOMER_ID_FK" FOREIGN KEY ("CUSTOMER_ID")
	  REFERENCES "CALISMAALANI"."DEMO_CUSTOMERS" ("CUSTOMER_ID") ENABLE;
  ALTER TABLE "CALISMAALANI"."DEMO_ORDERS" ADD CONSTRAINT "DEMO_ORDERS_USER_ID_FK" FOREIGN KEY ("USER_ID")
	  REFERENCES "CALISMAALANI"."DEMO_USERS" ("USER_ID") ENABLE;
--------------------------------------------------------
--  Ref Constraints for Table DEMO_ORDER_ITEMS
--------------------------------------------------------

  ALTER TABLE "CALISMAALANI"."DEMO_ORDER_ITEMS" ADD CONSTRAINT "DEMO_ORDER_ITEMS_FK" FOREIGN KEY ("ORDER_ID")
	  REFERENCES "CALISMAALANI"."DEMO_ORDERS" ("ORDER_ID") ON DELETE CASCADE ENABLE;
  ALTER TABLE "CALISMAALANI"."DEMO_ORDER_ITEMS" ADD CONSTRAINT "DEMO_ORDER_ITEMS_PRODUCT_ID_FK" FOREIGN KEY ("PRODUCT_ID")
	  REFERENCES "CALISMAALANI"."DEMO_PRODUCT_INFO" ("PRODUCT_ID") ON DELETE CASCADE ENABLE;
--------------------------------------------------------
--  Ref Constraints for Table EMP
--------------------------------------------------------

  ALTER TABLE "CALISMAALANI"."EMP" ADD FOREIGN KEY ("MGR")
	  REFERENCES "CALISMAALANI"."EMP" ("EMPNO") ENABLE;
  ALTER TABLE "CALISMAALANI"."EMP" ADD FOREIGN KEY ("DEPTNO")
	  REFERENCES "CALISMAALANI"."DEPT" ("DEPTNO") ENABLE;
